HEAD_COLUMN_1,HEAD_COLUMN_2,HEAD_COLUMN_3,HEAD_COLUMN_4,HEAD_COLUMN_5,HEAD_COLUMN_6,HEAD_COLUMN_7,HEAD_COLUMN_8
COLUMN_1-VALUE_09,COLUMN_2-VALUE_01,COLUMN_3-VALUE_06,COLUMN_4-VALUE_03,COLUMN_5-VALUE_04,COLUMN_6-VALUE_08,COLUMN_7-VALUE_12,COLUMN_8-VALUE_10
COLUMN_1-VALUE_12,COLUMN_2-VALUE_07,COLUMN_3-VALUE_04,COLUMN_4-VALUE_07,COLUMN_5-VALUE_10,COLUMN_6-VALUE_02,COLUMN_7-VALUE_11,COLUMN_8-VALUE_05
COLUMN_1-VALUE_12,COLUMN_2-VALUE_04,COLUMN_3-VALUE_08,COLUMN_4-VALUE_01,COLUMN_5-VALUE_08,COLUMN_6-VALUE_09,COLUMN_7-VALUE_02,COLUMN_8-VALUE_02
COLUMN_1-VALUE_11,COLUMN_2-VALUE_03,COLUMN_3-VALUE_11,COLUMN_4-VALUE_11,COLUMN_5-VALUE_04,COLUMN_6-VALUE_05,COLUMN_7-VALUE_03,COLUMN_8-VALUE_06
COLUMN_1-VALUE_08,COLUMN_2-VALUE_03,COLUMN_3-VALUE_02,COLUMN_4-VALUE_07,COLUMN_5-VALUE_02,COLUMN_6-VALUE_11,COLUMN_7-VALUE_11,COLUMN_8-VALUE_12
COLUMN_1-VALUE_05,COLUMN_2-VALUE_08,COLUMN_3-VALUE_08,COLUMN_4-VALUE_11,COLUMN_5-VALUE_07,COLUMN_6-VALUE_01,COLUMN_7-VALUE_01,COLUMN_8-VALUE_11
COLUMN_1-VALUE_12,COLUMN_2-VALUE_04,COLUMN_3-VALUE_03,COLUMN_4-VALUE_03,COLUMN_5-VALUE_09,COLUMN_6-VALUE_06,COLUMN_7-VALUE_11,COLUMN_8-VALUE_06
COLUMN_1-VALUE_12,COLUMN_2-VALUE_02,COLUMN_3-VALUE_05,COLUMN_4-VALUE_10,COLUMN_5-VALUE_07,COLUMN_6-VALUE_11,COLUMN_7-VALUE_01,COLUMN_8-VALUE_10
COLUMN_1-VALUE_10,COLUMN_2-VALUE_10,COLUMN_3-VALUE_01,COLUMN_4-VALUE_01,COLUMN_5-VALUE_09,COLUMN_6-VALUE_05,COLUMN_7-VALUE_01,COLUMN_8-VALUE_08
COLUMN_1-VALUE_11,COLUMN_2-VALUE_08,COLUMN_3-VALUE_02,COLUMN_4-VALUE_12,COLUMN_5-VALUE_12,COLUMN_6-VALUE_11,COLUMN_7-VALUE_11,COLUMN_8-VALUE_03
COLUMN_1-VALUE_06,COLUMN_2-VALUE_05,COLUMN_3-VALUE_12,COLUMN_4-VALUE_10,COLUMN_5-VALUE_05,COLUMN_6-VALUE_02,COLUMN_7-VALUE_07,COLUMN_8-VALUE_08
COLUMN_1-VALUE_07,COLUMN_2-VALUE_10,COLUMN_3-VALUE_03,COLUMN_4-VALUE_02,COLUMN_5-VALUE_10,COLUMN_6-VALUE_06,COLUMN_7-VALUE_02,COLUMN_8-VALUE_11
COLUMN_1-VALUE_05,COLUMN_2-VALUE_01,COLUMN_3-VALUE_07,COLUMN_4-VALUE_05,COLUMN_5-VALUE_08,COLUMN_6-VALUE_02,COLUMN_7-VALUE_05,COLUMN_8-VALUE_11
COLUMN_1-VALUE_05,COLUMN_2-VALUE_11,COLUMN_3-VALUE_06,COLUMN_4-VALUE_04,COLUMN_5-VALUE_12,COLUMN_6-VALUE_01,COLUMN_7-VALUE_08,COLUMN_8-VALUE_04
COLUMN_1-VALUE_11,COLUMN_2-VALUE_10,COLUMN_3-VALUE_01,COLUMN_4-VALUE_06,COLUMN_5-VALUE_07,COLUMN_6-VALUE_11,COLUMN_7-VALUE_05,COLUMN_8-VALUE_08
COLUMN_1-VALUE_06,COLUMN_2-VALUE_06,COLUMN_3-VALUE_04,COLUMN_4-VALUE_12,COLUMN_5-VALUE_07,COLUMN_6-VALUE_01,COLUMN_7-VALUE_10,COLUMN_8-VALUE_12
COLUMN_1-VALUE_09,COLUMN_2-VALUE_12,COLUMN_3-VALUE_02,COLUMN_4-VALUE_07,COLUMN_5-VALUE_05,COLUMN_6-VALUE_04,COLUMN_7-VALUE_02,COLUMN_8-VALUE_03
COLUMN_1-VALUE_12,COLUMN_2-VALUE_08,COLUMN_3-VALUE_11,COLUMN_4-VALUE_04,COLUMN_5-VALUE_04,COLUMN_6-VALUE_01,COLUMN_7-VALUE_10,COLUMN_8-VALUE_04
COLUMN_1-VALUE_10,COLUMN_2-VALUE_03,COLUMN_3-VALUE_12,COLUMN_4-VALUE_12,COLUMN_5-VALUE_08,COLUMN_6-VALUE_03,COLUMN_7-VALUE_07,COLUMN_8-VALUE_04
COLUMN_1-VALUE_04,COLUMN_2-VALUE_10,COLUMN_3-VALUE_11,COLUMN_4-VALUE_12,COLUMN_5-VALUE_09,COLUMN_6-VALUE_10,COLUMN_7-VALUE_07,COLUMN_8-VALUE_08
COLUMN_1-VALUE_08,COLUMN_2-VALUE_02,COLUMN_3-VALUE_08,COLUMN_4-VALUE_03,COLUMN_5-VALUE_07,COLUMN_6-VALUE_05,COLUMN_7-VALUE_08,COLUMN_8-VALUE_04
COLUMN_1-VALUE_07,COLUMN_2-VALUE_08,COLUMN_3-VALUE_05,COLUMN_4-VALUE_04,COLUMN_5-VALUE_01,COLUMN_6-VALUE_03,COLUMN_7-VALUE_12,COLUMN_8-VALUE_10
COLUMN_1-VALUE_12,COLUMN_2-VALUE_12,COLUMN_3-VALUE_11,COLUMN_4-VALUE_04,COLUMN_5-VALUE_07,COLUMN_6-VALUE_02,COLUMN_7-VALUE_02,COLUMN_8-VALUE_09
COLUMN_1-VALUE_03,COLUMN_2-VALUE_07,COLUMN_3-VALUE_10,COLUMN_4-VALUE_06,COLUMN_5-VALUE_02,COLUMN_6-VALUE_01,COLUMN_7-VALUE_11,COLUMN_8-VALUE_04
COLUMN_1-VALUE_06,COLUMN_2-VALUE_03,COLUMN_3-VALUE_11,COLUMN_4-VALUE_03,COLUMN_5-VALUE_02,COLUMN_6-VALUE_06,COLUMN_7-VALUE_02,COLUMN_8-VALUE_12
COLUMN_1-VALUE_02,COLUMN_2-VALUE_04,COLUMN_3-VALUE_09,COLUMN_4-VALUE_07,COLUMN_5-VALUE_08,COLUMN_6-VALUE_03,COLUMN_7-VALUE_06,COLUMN_8-VALUE_08
COLUMN_1-VALUE_08,COLUMN_2-VALUE_12,COLUMN_3-VALUE_04,COLUMN_4-VALUE_04,COLUMN_5-VALUE_01,COLUMN_6-VALUE_02,COLUMN_7-VALUE_12,COLUMN_8-VALUE_09
COLUMN_1-VALUE_04,COLUMN_2-VALUE_09,COLUMN_3-VALUE_03,COLUMN_4-VALUE_04,COLUMN_5-VALUE_06,COLUMN_6-VALUE_12,COLUMN_7-VALUE_11,COLUMN_8-VALUE_09
COLUMN_1-VALUE_12,COLUMN_2-VALUE_05,COLUMN_3-VALUE_06,COLUMN_4-VALUE_10,COLUMN_5-VALUE_01,COLUMN_6-VALUE_07,COLUMN_7-VALUE_12,COLUMN_8-VALUE_03
COLUMN_1-VALUE_05,COLUMN_2-VALUE_09,COLUMN_3-VALUE_02,COLUMN_4-VALUE_11,COLUMN_5-VALUE_12,COLUMN_6-VALUE_01,COLUMN_7-VALUE_05,COLUMN_8-VALUE_08
COLUMN_1-VALUE_11,COLUMN_2-VALUE_09,COLUMN_3-VALUE_01,COLUMN_4-VALUE_02,COLUMN_5-VALUE_03,COLUMN_6-VALUE_10,COLUMN_7-VALUE_06,COLUMN_8-VALUE_04
COLUMN_1-VALUE_11,COLUMN_2-VALUE_09,COLUMN_3-VALUE_11,COLUMN_4-VALUE_12,COLUMN_5-VALUE_02,COLUMN_6-VALUE_12,COLUMN_7-VALUE_12,COLUMN_8-VALUE_04
COLUMN_1-VALUE_06,COLUMN_2-VALUE_01,COLUMN_3-VALUE_02,COLUMN_4-VALUE_07,COLUMN_5-VALUE_09,COLUMN_6-VALUE_04,COLUMN_7-VALUE_10,COLUMN_8-VALUE_06
COLUMN_1-VALUE_01,COLUMN_2-VALUE_07,COLUMN_3-VALUE_08,COLUMN_4-VALUE_03,COLUMN_5-VALUE_06,COLUMN_6-VALUE_01,COLUMN_7-VALUE_07,COLUMN_8-VALUE_06
COLUMN_1-VALUE_12,COLUMN_2-VALUE_04,COLUMN_3-VALUE_02,COLUMN_4-VALUE_04,COLUMN_5-VALUE_06,COLUMN_6-VALUE_07,COLUMN_7-VALUE_08,COLUMN_8-VALUE_07
COLUMN_1-VALUE_10,COLUMN_2-VALUE_10,COLUMN_3-VALUE_09,COLUMN_4-VALUE_12,COLUMN_5-VALUE_01,COLUMN_6-VALUE_10,COLUMN_7-VALUE_08,COLUMN_8-VALUE_09
COLUMN_1-VALUE_03,COLUMN_2-VALUE_04,COLUMN_3-VALUE_09,COLUMN_4-VALUE_12,COLUMN_5-VALUE_03,COLUMN_6-VALUE_03,COLUMN_7-VALUE_12,COLUMN_8-VALUE_07
COLUMN_1-VALUE_04,COLUMN_2-VALUE_02,COLUMN_3-VALUE_12,COLUMN_4-VALUE_02,COLUMN_5-VALUE_05,COLUMN_6-VALUE_08,COLUMN_7-VALUE_01,COLUMN_8-VALUE_03
COLUMN_1-VALUE_11,COLUMN_2-VALUE_02,COLUMN_3-VALUE_04,COLUMN_4-VALUE_10,COLUMN_5-VALUE_06,COLUMN_6-VALUE_10,COLUMN_7-VALUE_08,COLUMN_8-VALUE_05
COLUMN_1-VALUE_09,COLUMN_2-VALUE_01,COLUMN_3-VALUE_06,COLUMN_4-VALUE_12,COLUMN_5-VALUE_12,COLUMN_6-VALUE_08,COLUMN_7-VALUE_07,COLUMN_8-VALUE_10
COLUMN_1-VALUE_12,COLUMN_2-VALUE_05,COLUMN_3-VALUE_07,COLUMN_4-VALUE_11,COLUMN_5-VALUE_09,COLUMN_6-VALUE_11,COLUMN_7-VALUE_11,COLUMN_8-VALUE_08
COLUMN_1-VALUE_08,COLUMN_2-VALUE_08,COLUMN_3-VALUE_12,COLUMN_4-VALUE_08,COLUMN_5-VALUE_07,COLUMN_6-VALUE_02,COLUMN_7-VALUE_05,COLUMN_8-VALUE_03
COLUMN_1-VALUE_07,COLUMN_2-VALUE_05,COLUMN_3-VALUE_05,COLUMN_4-VALUE_08,COLUMN_5-VALUE_09,COLUMN_6-VALUE_11,COLUMN_7-VALUE_02,COLUMN_8-VALUE_04
COLUMN_1-VALUE_06,COLUMN_2-VALUE_06,COLUMN_3-VALUE_12,COLUMN_4-VALUE_10,COLUMN_5-VALUE_09,COLUMN_6-VALUE_10,COLUMN_7-VALUE_11,COLUMN_8-VALUE_04
COLUMN_1-VALUE_01,COLUMN_2-VALUE_05,COLUMN_3-VALUE_01,COLUMN_4-VALUE_11,COLUMN_5-VALUE_05,COLUMN_6-VALUE_09,COLUMN_7-VALUE_12,COLUMN_8-VALUE_05
COLUMN_1-VALUE_02,COLUMN_2-VALUE_09,COLUMN_3-VALUE_03,COLUMN_4-VALUE_10,COLUMN_5-VALUE_12,COLUMN_6-VALUE_12,COLUMN_7-VALUE_02,COLUMN_8-VALUE_08
COLUMN_1-VALUE_03,COLUMN_2-VALUE_09,COLUMN_3-VALUE_04,COLUMN_4-VALUE_06,COLUMN_5-VALUE_06,COLUMN_6-VALUE_10,COLUMN_7-VALUE_12,COLUMN_8-VALUE_02
COLUMN_1-VALUE_09,COLUMN_2-VALUE_06,COLUMN_3-VALUE_08,COLUMN_4-VALUE_07,COLUMN_5-VALUE_01,COLUMN_6-VALUE_02,COLUMN_7-VALUE_02,COLUMN_8-VALUE_07
COLUMN_1-VALUE_07,COLUMN_2-VALUE_07,COLUMN_3-VALUE_12,COLUMN_4-VALUE_03,COLUMN_5-VALUE_10,COLUMN_6-VALUE_11,COLUMN_7-VALUE_09,COLUMN_8-VALUE_04
COLUMN_1-VALUE_07,COLUMN_2-VALUE_04,COLUMN_3-VALUE_08,COLUMN_4-VALUE_11,COLUMN_5-VALUE_06,COLUMN_6-VALUE_10,COLUMN_7-VALUE_06,COLUMN_8-VALUE_02
COLUMN_1-VALUE_06,COLUMN_2-VALUE_01,COLUMN_3-VALUE_09,COLUMN_4-VALUE_12,COLUMN_5-VALUE_12,COLUMN_6-VALUE_03,COLUMN_7-VALUE_03,COLUMN_8-VALUE_02
COLUMN_1-VALUE_05,COLUMN_2-VALUE_05,COLUMN_3-VALUE_02,COLUMN_4-VALUE_01,COLUMN_5-VALUE_07,COLUMN_6-VALUE_10,COLUMN_7-VALUE_10,COLUMN_8-VALUE_12
COLUMN_1-VALUE_02,COLUMN_2-VALUE_06,COLUMN_3-VALUE_10,COLUMN_4-VALUE_10,COLUMN_5-VALUE_01,COLUMN_6-VALUE_08,COLUMN_7-VALUE_02,COLUMN_8-VALUE_05
COLUMN_1-VALUE_08,COLUMN_2-VALUE_09,COLUMN_3-VALUE_02,COLUMN_4-VALUE_08,COLUMN_5-VALUE_04,COLUMN_6-VALUE_09,COLUMN_7-VALUE_08,COLUMN_8-VALUE_12
COLUMN_1-VALUE_06,COLUMN_2-VALUE_05,COLUMN_3-VALUE_09,COLUMN_4-VALUE_05,COLUMN_5-VALUE_09,COLUMN_6-VALUE_07,COLUMN_7-VALUE_09,COLUMN_8-VALUE_02
COLUMN_1-VALUE_12,COLUMN_2-VALUE_11,COLUMN_3-VALUE_02,COLUMN_4-VALUE_09,COLUMN_5-VALUE_07,COLUMN_6-VALUE_08,COLUMN_7-VALUE_02,COLUMN_8-VALUE_06
COLUMN_1-VALUE_11,COLUMN_2-VALUE_10,COLUMN_3-VALUE_11,COLUMN_4-VALUE_10,COLUMN_5-VALUE_08,COLUMN_6-VALUE_09,COLUMN_7-VALUE_06,COLUMN_8-VALUE_11
COLUMN_1-VALUE_01,COLUMN_2-VALUE_08,COLUMN_3-VALUE_07,COLUMN_4-VALUE_10,COLUMN_5-VALUE_02,COLUMN_6-VALUE_11,COLUMN_7-VALUE_09,COLUMN_8-VALUE_04
COLUMN_1-VALUE_08,COLUMN_2-VALUE_04,COLUMN_3-VALUE_03,COLUMN_4-VALUE_10,COLUMN_5-VALUE_07,COLUMN_6-VALUE_08,COLUMN_7-VALUE_04,COLUMN_8-VALUE_09
COLUMN_1-VALUE_06,COLUMN_2-VALUE_06,COLUMN_3-VALUE_08,COLUMN_4-VALUE_11,COLUMN_5-VALUE_11,COLUMN_6-VALUE_03,COLUMN_7-VALUE_09,COLUMN_8-VALUE_02
COLUMN_1-VALUE_11,COLUMN_2-VALUE_03,COLUMN_3-VALUE_11,COLUMN_4-VALUE_03,COLUMN_5-VALUE_01,COLUMN_6-VALUE_05,COLUMN_7-VALUE_10,COLUMN_8-VALUE_04
COLUMN_1-VALUE_06,COLUMN_2-VALUE_02,COLUMN_3-VALUE_10,COLUMN_4-VALUE_06,COLUMN_5-VALUE_09,COLUMN_6-VALUE_12,COLUMN_7-VALUE_03,COLUMN_8-VALUE_09
COLUMN_1-VALUE_09,COLUMN_2-VALUE_11,COLUMN_3-VALUE_11,COLUMN_4-VALUE_08,COLUMN_5-VALUE_03,COLUMN_6-VALUE_04,COLUMN_7-VALUE_07,COLUMN_8-VALUE_07
COLUMN_1-VALUE_12,COLUMN_2-VALUE_02,COLUMN_3-VALUE_09,COLUMN_4-VALUE_02,COLUMN_5-VALUE_06,COLUMN_6-VALUE_12,COLUMN_7-VALUE_08,COLUMN_8-VALUE_03
COLUMN_1-VALUE_09,COLUMN_2-VALUE_07,COLUMN_3-VALUE_03,COLUMN_4-VALUE_03,COLUMN_5-VALUE_05,COLUMN_6-VALUE_09,COLUMN_7-VALUE_10,COLUMN_8-VALUE_02
COLUMN_1-VALUE_06,COLUMN_2-VALUE_08,COLUMN_3-VALUE_07,COLUMN_4-VALUE_12,COLUMN_5-VALUE_06,COLUMN_6-VALUE_08,COLUMN_7-VALUE_09,COLUMN_8-VALUE_12
COLUMN_1-VALUE_04,COLUMN_2-VALUE_08,COLUMN_3-VALUE_07,COLUMN_4-VALUE_04,COLUMN_5-VALUE_10,COLUMN_6-VALUE_06,COLUMN_7-VALUE_04,COLUMN_8-VALUE_09
COLUMN_1-VALUE_08,COLUMN_2-VALUE_09,COLUMN_3-VALUE_01,COLUMN_4-VALUE_07,COLUMN_5-VALUE_03,COLUMN_6-VALUE_12,COLUMN_7-VALUE_09,COLUMN_8-VALUE_01
COLUMN_1-VALUE_08,COLUMN_2-VALUE_09,COLUMN_3-VALUE_05,COLUMN_4-VALUE_09,COLUMN_5-VALUE_05,COLUMN_6-VALUE_04,COLUMN_7-VALUE_03,COLUMN_8-VALUE_07
COLUMN_1-VALUE_04,COLUMN_2-VALUE_12,COLUMN_3-VALUE_02,COLUMN_4-VALUE_05,COLUMN_5-VALUE_11,COLUMN_6-VALUE_01,COLUMN_7-VALUE_02,COLUMN_8-VALUE_09
COLUMN_1-VALUE_08,COLUMN_2-VALUE_03,COLUMN_3-VALUE_07,COLUMN_4-VALUE_04,COLUMN_5-VALUE_06,COLUMN_6-VALUE_07,COLUMN_7-VALUE_10,COLUMN_8-VALUE_02
COLUMN_1-VALUE_01,COLUMN_2-VALUE_08,COLUMN_3-VALUE_04,COLUMN_4-VALUE_02,COLUMN_5-VALUE_11,COLUMN_6-VALUE_03,COLUMN_7-VALUE_06,COLUMN_8-VALUE_10
COLUMN_1-VALUE_12,COLUMN_2-VALUE_09,COLUMN_3-VALUE_07,COLUMN_4-VALUE_02,COLUMN_5-VALUE_02,COLUMN_6-VALUE_03,COLUMN_7-VALUE_08,COLUMN_8-VALUE_03
COLUMN_1-VALUE_09,COLUMN_2-VALUE_09,COLUMN_3-VALUE_02,COLUMN_4-VALUE_09,COLUMN_5-VALUE_03,COLUMN_6-VALUE_01,COLUMN_7-VALUE_08,COLUMN_8-VALUE_11
COLUMN_1-VALUE_10,COLUMN_2-VALUE_02,COLUMN_3-VALUE_05,COLUMN_4-VALUE_03,COLUMN_5-VALUE_03,COLUMN_6-VALUE_02,COLUMN_7-VALUE_02,COLUMN_8-VALUE_01
COLUMN_1-VALUE_07,COLUMN_2-VALUE_11,COLUMN_3-VALUE_07,COLUMN_4-VALUE_05,COLUMN_5-VALUE_07,COLUMN_6-VALUE_03,COLUMN_7-VALUE_08,COLUMN_8-VALUE_06
COLUMN_1-VALUE_09,COLUMN_2-VALUE_04,COLUMN_3-VALUE_06,COLUMN_4-VALUE_04,COLUMN_5-VALUE_02,COLUMN_6-VALUE_07,COLUMN_7-VALUE_06,COLUMN_8-VALUE_07
COLUMN_1-VALUE_06,COLUMN_2-VALUE_10,COLUMN_3-VALUE_08,COLUMN_4-VALUE_04,COLUMN_5-VALUE_02,COLUMN_6-VALUE_12,COLUMN_7-VALUE_03,COLUMN_8-VALUE_01
COLUMN_1-VALUE_06,COLUMN_2-VALUE_04,COLUMN_3-VALUE_02,COLUMN_4-VALUE_05,COLUMN_5-VALUE_10,COLUMN_6-VALUE_12,COLUMN_7-VALUE_12,COLUMN_8-VALUE_07
COLUMN_1-VALUE_07,COLUMN_2-VALUE_01,COLUMN_3-VALUE_08,COLUMN_4-VALUE_11,COLUMN_5-VALUE_07,COLUMN_6-VALUE_01,COLUMN_7-VALUE_06,COLUMN_8-VALUE_05
COLUMN_1-VALUE_06,COLUMN_2-VALUE_06,COLUMN_3-VALUE_01,COLUMN_4-VALUE_11,COLUMN_5-VALUE_02,COLUMN_6-VALUE_06,COLUMN_7-VALUE_11,COLUMN_8-VALUE_09
COLUMN_1-VALUE_07,COLUMN_2-VALUE_03,COLUMN_3-VALUE_01,COLUMN_4-VALUE_01,COLUMN_5-VALUE_11,COLUMN_6-VALUE_07,COLUMN_7-VALUE_09,COLUMN_8-VALUE_03
COLUMN_1-VALUE_06,COLUMN_2-VALUE_12,COLUMN_3-VALUE_06,COLUMN_4-VALUE_07,COLUMN_5-VALUE_04,COLUMN_6-VALUE_06,COLUMN_7-VALUE_11,COLUMN_8-VALUE_10
COLUMN_1-VALUE_10,COLUMN_2-VALUE_01,COLUMN_3-VALUE_07,COLUMN_4-VALUE_01,COLUMN_5-VALUE_12,COLUMN_6-VALUE_04,COLUMN_7-VALUE_02,COLUMN_8-VALUE_12
COLUMN_1-VALUE_11,COLUMN_2-VALUE_10,COLUMN_3-VALUE_04,COLUMN_4-VALUE_06,COLUMN_5-VALUE_01,COLUMN_6-VALUE_04,COLUMN_7-VALUE_10,COLUMN_8-VALUE_12
COLUMN_1-VALUE_08,COLUMN_2-VALUE_03,COLUMN_3-VALUE_11,COLUMN_4-VALUE_12,COLUMN_5-VALUE_04,COLUMN_6-VALUE_02,COLUMN_7-VALUE_11,COLUMN_8-VALUE_09
COLUMN_1-VALUE_02,COLUMN_2-VALUE_02,COLUMN_3-VALUE_05,COLUMN_4-VALUE_08,COLUMN_5-VALUE_03,COLUMN_6-VALUE_12,COLUMN_7-VALUE_11,COLUMN_8-VALUE_09
COLUMN_1-VALUE_02,COLUMN_2-VALUE_03,COLUMN_3-VALUE_12,COLUMN_4-VALUE_09,COLUMN_5-VALUE_12,COLUMN_6-VALUE_12,COLUMN_7-VALUE_05,COLUMN_8-VALUE_12
COLUMN_1-VALUE_10,COLUMN_2-VALUE_06,COLUMN_3-VALUE_12,COLUMN_4-VALUE_07,COLUMN_5-VALUE_12,COLUMN_6-VALUE_10,COLUMN_7-VALUE_12,COLUMN_8-VALUE_06
COLUMN_1-VALUE_07,COLUMN_2-VALUE_05,COLUMN_3-VALUE_01,COLUMN_4-VALUE_02,COLUMN_5-VALUE_04,COLUMN_6-VALUE_10,COLUMN_7-VALUE_07,COLUMN_8-VALUE_03
COLUMN_1-VALUE_06,COLUMN_2-VALUE_02,COLUMN_3-VALUE_09,COLUMN_4-VALUE_07,COLUMN_5-VALUE_08,COLUMN_6-VALUE_08,COLUMN_7-VALUE_08,COLUMN_8-VALUE_06
COLUMN_1-VALUE_12,COLUMN_2-VALUE_11,COLUMN_3-VALUE_09,COLUMN_4-VALUE_06,COLUMN_5-VALUE_05,COLUMN_6-VALUE_12,COLUMN_7-VALUE_07,COLUMN_8-VALUE_08
COLUMN_1-VALUE_10,COLUMN_2-VALUE_06,COLUMN_3-VALUE_04,COLUMN_4-VALUE_12,COLUMN_5-VALUE_10,COLUMN_6-VALUE_01,COLUMN_7-VALUE_05,COLUMN_8-VALUE_03
COLUMN_1-VALUE_09,COLUMN_2-VALUE_07,COLUMN_3-VALUE_08,COLUMN_4-VALUE_04,COLUMN_5-VALUE_02,COLUMN_6-VALUE_12,COLUMN_7-VALUE_02,COLUMN_8-VALUE_07
COLUMN_1-VALUE_04,COLUMN_2-VALUE_06,COLUMN_3-VALUE_10,COLUMN_4-VALUE_03,COLUMN_5-VALUE_08,COLUMN_6-VALUE_09,COLUMN_7-VALUE_03,COLUMN_8-VALUE_09
COLUMN_1-VALUE_09,COLUMN_2-VALUE_09,COLUMN_3-VALUE_08,COLUMN_4-VALUE_04,COLUMN_5-VALUE_04,COLUMN_6-VALUE_12,COLUMN_7-VALUE_02,COLUMN_8-VALUE_10
COLUMN_1-VALUE_02,COLUMN_2-VALUE_06,COLUMN_3-VALUE_03,COLUMN_4-VALUE_10,COLUMN_5-VALUE_04,COLUMN_6-VALUE_03,COLUMN_7-VALUE_04,COLUMN_8-VALUE_11
COLUMN_1-VALUE_02,COLUMN_2-VALUE_02,COLUMN_3-VALUE_07,COLUMN_4-VALUE_08,COLUMN_5-VALUE_10,COLUMN_6-VALUE_03,COLUMN_7-VALUE_09,COLUMN_8-VALUE_12
COLUMN_1-VALUE_08,COLUMN_2-VALUE_12,COLUMN_3-VALUE_08,COLUMN_4-VALUE_05,COLUMN_5-VALUE_09,COLUMN_6-VALUE_02,COLUMN_7-VALUE_02,COLUMN_8-VALUE_07
COLUMN_1-VALUE_02,COLUMN_2-VALUE_01,COLUMN_3-VALUE_12,COLUMN_4-VALUE_11,COLUMN_5-VALUE_10,COLUMN_6-VALUE_03,COLUMN_7-VALUE_12,COLUMN_8-VALUE_05
COLUMN_1-VALUE_09,COLUMN_2-VALUE_01,COLUMN_3-VALUE_09,COLUMN_4-VALUE_09,COLUMN_5-VALUE_11,COLUMN_6-VALUE_04,COLUMN_7-VALUE_03,COLUMN_8-VALUE_02
COLUMN_1-VALUE_06,COLUMN_2-VALUE_04,COLUMN_3-VALUE_07,COLUMN_4-VALUE_09,COLUMN_5-VALUE_01,COLUMN_6-VALUE_07,COLUMN_7-VALUE_01,COLUMN_8-VALUE_02
COLUMN_1-VALUE_01,COLUMN_2-VALUE_11,COLUMN_3-VALUE_09,COLUMN_4-VALUE_11,COLUMN_5-VALUE_03,COLUMN_6-VALUE_04,COLUMN_7-VALUE_05,COLUMN_8-VALUE_05
COLUMN_1-VALUE_09,COLUMN_2-VALUE_03,COLUMN_3-VALUE_10,COLUMN_4-VALUE_11,COLUMN_5-VALUE_12,COLUMN_6-VALUE_09,COLUMN_7-VALUE_11,COLUMN_8-VALUE_10
COLUMN_1-VALUE_01,COLUMN_2-VALUE_04,COLUMN_3-VALUE_09,COLUMN_4-VALUE_08,COLUMN_5-VALUE_06,COLUMN_6-VALUE_11,COLUMN_7-VALUE_04,COLUMN_8-VALUE_07
COLUMN_1-VALUE_04,COLUMN_2-VALUE_10,COLUMN_3-VALUE_11,COLUMN_4-VALUE_09,COLUMN_5-VALUE_09,COLUMN_6-VALUE_04,COLUMN_7-VALUE_12,COLUMN_8-VALUE_03
COLUMN_1-VALUE_08,COLUMN_2-VALUE_01,COLUMN_3-VALUE_06,COLUMN_4-VALUE_05,COLUMN_5-VALUE_04,COLUMN_6-VALUE_06,COLUMN_7-VALUE_05,COLUMN_8-VALUE_06
COLUMN_1-VALUE_02,COLUMN_2-VALUE_12,COLUMN_3-VALUE_08,COLUMN_4-VALUE_09,COLUMN_5-VALUE_03,COLUMN_6-VALUE_11,COLUMN_7-VALUE_01,COLUMN_8-VALUE_04
COLUMN_1-VALUE_11,COLUMN_2-VALUE_10,COLUMN_3-VALUE_02,COLUMN_4-VALUE_04,COLUMN_5-VALUE_11,COLUMN_6-VALUE_07,COLUMN_7-VALUE_08,COLUMN_8-VALUE_01
COLUMN_1-VALUE_06,COLUMN_2-VALUE_07,COLUMN_3-VALUE_02,COLUMN_4-VALUE_08,COLUMN_5-VALUE_01,COLUMN_6-VALUE_03,COLUMN_7-VALUE_07,COLUMN_8-VALUE_04
COLUMN_1-VALUE_12,COLUMN_2-VALUE_01,COLUMN_3-VALUE_06,COLUMN_4-VALUE_02,COLUMN_5-VALUE_05,COLUMN_6-VALUE_04,COLUMN_7-VALUE_09,COLUMN_8-VALUE_07
COLUMN_1-VALUE_03,COLUMN_2-VALUE_09,COLUMN_3-VALUE_02,COLUMN_4-VALUE_11,COLUMN_5-VALUE_03,COLUMN_6-VALUE_07,COLUMN_7-VALUE_03,COLUMN_8-VALUE_06
COLUMN_1-VALUE_12,COLUMN_2-VALUE_06,COLUMN_3-VALUE_10,COLUMN_4-VALUE_09,COLUMN_5-VALUE_04,COLUMN_6-VALUE_02,COLUMN_7-VALUE_04,COLUMN_8-VALUE_12
COLUMN_1-VALUE_12,COLUMN_2-VALUE_02,COLUMN_3-VALUE_06,COLUMN_4-VALUE_12,COLUMN_5-VALUE_03,COLUMN_6-VALUE_01,COLUMN_7-VALUE_07,COLUMN_8-VALUE_12
COLUMN_1-VALUE_06,COLUMN_2-VALUE_09,COLUMN_3-VALUE_10,COLUMN_4-VALUE_12,COLUMN_5-VALUE_11,COLUMN_6-VALUE_02,COLUMN_7-VALUE_11,COLUMN_8-VALUE_12
COLUMN_1-VALUE_04,COLUMN_2-VALUE_06,COLUMN_3-VALUE_10,COLUMN_4-VALUE_12,COLUMN_5-VALUE_05,COLUMN_6-VALUE_08,COLUMN_7-VALUE_08,COLUMN_8-VALUE_11
COLUMN_1-VALUE_07,COLUMN_2-VALUE_12,COLUMN_3-VALUE_08,COLUMN_4-VALUE_01,COLUMN_5-VALUE_08,COLUMN_6-VALUE_07,COLUMN_7-VALUE_04,COLUMN_8-VALUE_06
COLUMN_1-VALUE_12,COLUMN_2-VALUE_08,COLUMN_3-VALUE_01,COLUMN_4-VALUE_11,COLUMN_5-VALUE_04,COLUMN_6-VALUE_05,COLUMN_7-VALUE_06,COLUMN_8-VALUE_02
COLUMN_1-VALUE_12,COLUMN_2-VALUE_03,COLUMN_3-VALUE_03,COLUMN_4-VALUE_09,COLUMN_5-VALUE_08,COLUMN_6-VALUE_08,COLUMN_7-VALUE_06,COLUMN_8-VALUE_09
COLUMN_1-VALUE_05,COLUMN_2-VALUE_08,COLUMN_3-VALUE_08,COLUMN_4-VALUE_08,COLUMN_5-VALUE_02,COLUMN_6-VALUE_04,COLUMN_7-VALUE_08,COLUMN_8-VALUE_05
COLUMN_1-VALUE_11,COLUMN_2-VALUE_07,COLUMN_3-VALUE_02,COLUMN_4-VALUE_09,COLUMN_5-VALUE_12,COLUMN_6-VALUE_03,COLUMN_7-VALUE_03,COLUMN_8-VALUE_10
COLUMN_1-VALUE_06,COLUMN_2-VALUE_08,COLUMN_3-VALUE_08,COLUMN_4-VALUE_05,COLUMN_5-VALUE_03,COLUMN_6-VALUE_06,COLUMN_7-VALUE_08,COLUMN_8-VALUE_10
COLUMN_1-VALUE_08,COLUMN_2-VALUE_05,COLUMN_3-VALUE_05,COLUMN_4-VALUE_08,COLUMN_5-VALUE_05,COLUMN_6-VALUE_02,COLUMN_7-VALUE_05,COLUMN_8-VALUE_07
COLUMN_1-VALUE_10,COLUMN_2-VALUE_02,COLUMN_3-VALUE_04,COLUMN_4-VALUE_03,COLUMN_5-VALUE_02,COLUMN_6-VALUE_12,COLUMN_7-VALUE_12,COLUMN_8-VALUE_08
COLUMN_1-VALUE_05,COLUMN_2-VALUE_03,COLUMN_3-VALUE_11,COLUMN_4-VALUE_06,COLUMN_5-VALUE_06,COLUMN_6-VALUE_07,COLUMN_7-VALUE_12,COLUMN_8-VALUE_04
COLUMN_1-VALUE_08,COLUMN_2-VALUE_01,COLUMN_3-VALUE_07,COLUMN_4-VALUE_02,COLUMN_5-VALUE_11,COLUMN_6-VALUE_10,COLUMN_7-VALUE_04,COLUMN_8-VALUE_02
COLUMN_1-VALUE_05,COLUMN_2-VALUE_09,COLUMN_3-VALUE_06,COLUMN_4-VALUE_07,COLUMN_5-VALUE_08,COLUMN_6-VALUE_09,COLUMN_7-VALUE_08,COLUMN_8-VALUE_08
COLUMN_1-VALUE_05,COLUMN_2-VALUE_10,COLUMN_3-VALUE_07,COLUMN_4-VALUE_11,COLUMN_5-VALUE_05,COLUMN_6-VALUE_03,COLUMN_7-VALUE_04,COLUMN_8-VALUE_03
COLUMN_1-VALUE_08,COLUMN_2-VALUE_07,COLUMN_3-VALUE_10,COLUMN_4-VALUE_07,COLUMN_5-VALUE_03,COLUMN_6-VALUE_07,COLUMN_7-VALUE_09,COLUMN_8-VALUE_05
COLUMN_1-VALUE_01,COLUMN_2-VALUE_07,COLUMN_3-VALUE_10,COLUMN_4-VALUE_09,COLUMN_5-VALUE_05,COLUMN_6-VALUE_12,COLUMN_7-VALUE_05,COLUMN_8-VALUE_09
COLUMN_1-VALUE_09,COLUMN_2-VALUE_11,COLUMN_3-VALUE_03,COLUMN_4-VALUE_06,COLUMN_5-VALUE_01,COLUMN_6-VALUE_02,COLUMN_7-VALUE_04,COLUMN_8-VALUE_03
COLUMN_1-VALUE_11,COLUMN_2-VALUE_07,COLUMN_3-VALUE_03,COLUMN_4-VALUE_11,COLUMN_5-VALUE_03,COLUMN_6-VALUE_05,COLUMN_7-VALUE_06,COLUMN_8-VALUE_06
COLUMN_1-VALUE_04,COLUMN_2-VALUE_01,COLUMN_3-VALUE_02,COLUMN_4-VALUE_03,COLUMN_5-VALUE_03,COLUMN_6-VALUE_07,COLUMN_7-VALUE_10,COLUMN_8-VALUE_10
COLUMN_1-VALUE_11,COLUMN_2-VALUE_04,COLUMN_3-VALUE_03,COLUMN_4-VALUE_06,COLUMN_5-VALUE_08,COLUMN_6-VALUE_09,COLUMN_7-VALUE_03,COLUMN_8-VALUE_01
COLUMN_1-VALUE_03,COLUMN_2-VALUE_10,COLUMN_3-VALUE_09,COLUMN_4-VALUE_08,COLUMN_5-VALUE_10,COLUMN_6-VALUE_10,COLUMN_7-VALUE_01,COLUMN_8-VALUE_07
COLUMN_1-VALUE_07,COLUMN_2-VALUE_12,COLUMN_3-VALUE_09,COLUMN_4-VALUE_11,COLUMN_5-VALUE_01,COLUMN_6-VALUE_01,COLUMN_7-VALUE_08,COLUMN_8-VALUE_03
COLUMN_1-VALUE_08,COLUMN_2-VALUE_06,COLUMN_3-VALUE_04,COLUMN_4-VALUE_09,COLUMN_5-VALUE_04,COLUMN_6-VALUE_11,COLUMN_7-VALUE_05,COLUMN_8-VALUE_05
COLUMN_1-VALUE_03,COLUMN_2-VALUE_08,COLUMN_3-VALUE_07,COLUMN_4-VALUE_01,COLUMN_5-VALUE_02,COLUMN_6-VALUE_01,COLUMN_7-VALUE_05,COLUMN_8-VALUE_02
COLUMN_1-VALUE_09,COLUMN_2-VALUE_05,COLUMN_3-VALUE_04,COLUMN_4-VALUE_05,COLUMN_5-VALUE_08,COLUMN_6-VALUE_08,COLUMN_7-VALUE_01,COLUMN_8-VALUE_04
COLUMN_1-VALUE_08,COLUMN_2-VALUE_02,COLUMN_3-VALUE_02,COLUMN_4-VALUE_08,COLUMN_5-VALUE_08,COLUMN_6-VALUE_08,COLUMN_7-VALUE_01,COLUMN_8-VALUE_03
COLUMN_1-VALUE_10,COLUMN_2-VALUE_11,COLUMN_3-VALUE_11,COLUMN_4-VALUE_10,COLUMN_5-VALUE_03,COLUMN_6-VALUE_12,COLUMN_7-VALUE_03,COLUMN_8-VALUE_03
COLUMN_1-VALUE_09,COLUMN_2-VALUE_12,COLUMN_3-VALUE_07,COLUMN_4-VALUE_08,COLUMN_5-VALUE_01,COLUMN_6-VALUE_10,COLUMN_7-VALUE_04,COLUMN_8-VALUE_10
COLUMN_1-VALUE_06,COLUMN_2-VALUE_11,COLUMN_3-VALUE_08,COLUMN_4-VALUE_02,COLUMN_5-VALUE_03,COLUMN_6-VALUE_06,COLUMN_7-VALUE_03,COLUMN_8-VALUE_01
COLUMN_1-VALUE_10,COLUMN_2-VALUE_06,COLUMN_3-VALUE_05,COLUMN_4-VALUE_08,COLUMN_5-VALUE_05,COLUMN_6-VALUE_10,COLUMN_7-VALUE_06,COLUMN_8-VALUE_01
COLUMN_1-VALUE_07,COLUMN_2-VALUE_06,COLUMN_3-VALUE_08,COLUMN_4-VALUE_11,COLUMN_5-VALUE_12,COLUMN_6-VALUE_12,COLUMN_7-VALUE_09,COLUMN_8-VALUE_03
COLUMN_1-VALUE_06,COLUMN_2-VALUE_06,COLUMN_3-VALUE_05,COLUMN_4-VALUE_10,COLUMN_5-VALUE_01,COLUMN_6-VALUE_06,COLUMN_7-VALUE_01,COLUMN_8-VALUE_08
COLUMN_1-VALUE_09,COLUMN_2-VALUE_01,COLUMN_3-VALUE_02,COLUMN_4-VALUE_03,COLUMN_5-VALUE_08,COLUMN_6-VALUE_09,COLUMN_7-VALUE_10,COLUMN_8-VALUE_09
COLUMN_1-VALUE_07,COLUMN_2-VALUE_12,COLUMN_3-VALUE_05,COLUMN_4-VALUE_10,COLUMN_5-VALUE_04,COLUMN_6-VALUE_03,COLUMN_7-VALUE_07,COLUMN_8-VALUE_08
COLUMN_1-VALUE_10,COLUMN_2-VALUE_03,COLUMN_3-VALUE_01,COLUMN_4-VALUE_09,COLUMN_5-VALUE_07,COLUMN_6-VALUE_10,COLUMN_7-VALUE_03,COLUMN_8-VALUE_03
COLUMN_1-VALUE_03,COLUMN_2-VALUE_01,COLUMN_3-VALUE_07,COLUMN_4-VALUE_09,COLUMN_5-VALUE_06,COLUMN_6-VALUE_09,COLUMN_7-VALUE_06,COLUMN_8-VALUE_01
COLUMN_1-VALUE_10,COLUMN_2-VALUE_08,COLUMN_3-VALUE_09,COLUMN_4-VALUE_07,COLUMN_5-VALUE_07,COLUMN_6-VALUE_04,COLUMN_7-VALUE_08,COLUMN_8-VALUE_05
COLUMN_1-VALUE_09,COLUMN_2-VALUE_11,COLUMN_3-VALUE_04,COLUMN_4-VALUE_04,COLUMN_5-VALUE_03,COLUMN_6-VALUE_09,COLUMN_7-VALUE_11,COLUMN_8-VALUE_08
COLUMN_1-VALUE_02,COLUMN_2-VALUE_11,COLUMN_3-VALUE_03,COLUMN_4-VALUE_12,COLUMN_5-VALUE_05,COLUMN_6-VALUE_09,COLUMN_7-VALUE_08,COLUMN_8-VALUE_11
COLUMN_1-VALUE_11,COLUMN_2-VALUE_12,COLUMN_3-VALUE_01,COLUMN_4-VALUE_04,COLUMN_5-VALUE_08,COLUMN_6-VALUE_01,COLUMN_7-VALUE_10,COLUMN_8-VALUE_02
COLUMN_1-VALUE_05,COLUMN_2-VALUE_04,COLUMN_3-VALUE_08,COLUMN_4-VALUE_01,COLUMN_5-VALUE_10,COLUMN_6-VALUE_04,COLUMN_7-VALUE_08,COLUMN_8-VALUE_12
COLUMN_1-VALUE_09,COLUMN_2-VALUE_09,COLUMN_3-VALUE_04,COLUMN_4-VALUE_03,COLUMN_5-VALUE_10,COLUMN_6-VALUE_08,COLUMN_7-VALUE_06,COLUMN_8-VALUE_07
COLUMN_1-VALUE_02,COLUMN_2-VALUE_01,COLUMN_3-VALUE_11,COLUMN_4-VALUE_10,COLUMN_5-VALUE_09,COLUMN_6-VALUE_10,COLUMN_7-VALUE_09,COLUMN_8-VALUE_02
COLUMN_1-VALUE_01,COLUMN_2-VALUE_11,COLUMN_3-VALUE_05,COLUMN_4-VALUE_08,COLUMN_5-VALUE_04,COLUMN_6-VALUE_01,COLUMN_7-VALUE_06,COLUMN_8-VALUE_06
COLUMN_1-VALUE_06,COLUMN_2-VALUE_09,COLUMN_3-VALUE_11,COLUMN_4-VALUE_06,COLUMN_5-VALUE_05,COLUMN_6-VALUE_05,COLUMN_7-VALUE_12,COLUMN_8-VALUE_10
COLUMN_1-VALUE_04,COLUMN_2-VALUE_10,COLUMN_3-VALUE_05,COLUMN_4-VALUE_05,COLUMN_5-VALUE_06,COLUMN_6-VALUE_09,COLUMN_7-VALUE_09,COLUMN_8-VALUE_04
COLUMN_1-VALUE_12,COLUMN_2-VALUE_07,COLUMN_3-VALUE_02,COLUMN_4-VALUE_10,COLUMN_5-VALUE_06,COLUMN_6-VALUE_06,COLUMN_7-VALUE_12,COLUMN_8-VALUE_09
COLUMN_1-VALUE_06,COLUMN_2-VALUE_04,COLUMN_3-VALUE_05,COLUMN_4-VALUE_12,COLUMN_5-VALUE_04,COLUMN_6-VALUE_11,COLUMN_7-VALUE_03,COLUMN_8-VALUE_06
COLUMN_1-VALUE_03,COLUMN_2-VALUE_02,COLUMN_3-VALUE_05,COLUMN_4-VALUE_02,COLUMN_5-VALUE_01,COLUMN_6-VALUE_06,COLUMN_7-VALUE_12,COLUMN_8-VALUE_11
COLUMN_1-VALUE_11,COLUMN_2-VALUE_02,COLUMN_3-VALUE_04,COLUMN_4-VALUE_08,COLUMN_5-VALUE_08,COLUMN_6-VALUE_01,COLUMN_7-VALUE_02,COLUMN_8-VALUE_03
COLUMN_1-VALUE_01,COLUMN_2-VALUE_11,COLUMN_3-VALUE_10,COLUMN_4-VALUE_01,COLUMN_5-VALUE_11,COLUMN_6-VALUE_01,COLUMN_7-VALUE_10,COLUMN_8-VALUE_08
COLUMN_1-VALUE_06,COLUMN_2-VALUE_11,COLUMN_3-VALUE_08,COLUMN_4-VALUE_02,COLUMN_5-VALUE_09,COLUMN_6-VALUE_08,COLUMN_7-VALUE_01,COLUMN_8-VALUE_06
COLUMN_1-VALUE_03,COLUMN_2-VALUE_12,COLUMN_3-VALUE_06,COLUMN_4-VALUE_05,COLUMN_5-VALUE_05,COLUMN_6-VALUE_06,COLUMN_7-VALUE_08,COLUMN_8-VALUE_06
COLUMN_1-VALUE_09,COLUMN_2-VALUE_03,COLUMN_3-VALUE_07,COLUMN_4-VALUE_07,COLUMN_5-VALUE_02,COLUMN_6-VALUE_11,COLUMN_7-VALUE_06,COLUMN_8-VALUE_03
COLUMN_1-VALUE_08,COLUMN_2-VALUE_02,COLUMN_3-VALUE_11,COLUMN_4-VALUE_11,COLUMN_5-VALUE_03,COLUMN_6-VALUE_05,COLUMN_7-VALUE_07,COLUMN_8-VALUE_05
COLUMN_1-VALUE_09,COLUMN_2-VALUE_12,COLUMN_3-VALUE_02,COLUMN_4-VALUE_06,COLUMN_5-VALUE_06,COLUMN_6-VALUE_04,COLUMN_7-VALUE_05,COLUMN_8-VALUE_04
COLUMN_1-VALUE_05,COLUMN_2-VALUE_03,COLUMN_3-VALUE_09,COLUMN_4-VALUE_04,COLUMN_5-VALUE_03,COLUMN_6-VALUE_03,COLUMN_7-VALUE_03,COLUMN_8-VALUE_09
COLUMN_1-VALUE_11,COLUMN_2-VALUE_04,COLUMN_3-VALUE_09,COLUMN_4-VALUE_11,COLUMN_5-VALUE_10,COLUMN_6-VALUE_08,COLUMN_7-VALUE_12,COLUMN_8-VALUE_06
COLUMN_1-VALUE_04,COLUMN_2-VALUE_05,COLUMN_3-VALUE_12,COLUMN_4-VALUE_01,COLUMN_5-VALUE_05,COLUMN_6-VALUE_03,COLUMN_7-VALUE_07,COLUMN_8-VALUE_10
COLUMN_1-VALUE_11,COLUMN_2-VALUE_07,COLUMN_3-VALUE_05,COLUMN_4-VALUE_08,COLUMN_5-VALUE_04,COLUMN_6-VALUE_09,COLUMN_7-VALUE_03,COLUMN_8-VALUE_10
COLUMN_1-VALUE_06,COLUMN_2-VALUE_12,COLUMN_3-VALUE_07,COLUMN_4-VALUE_08,COLUMN_5-VALUE_09,COLUMN_6-VALUE_10,COLUMN_7-VALUE_05,COLUMN_8-VALUE_04
COLUMN_1-VALUE_06,COLUMN_2-VALUE_02,COLUMN_3-VALUE_03,COLUMN_4-VALUE_07,COLUMN_5-VALUE_08,COLUMN_6-VALUE_01,COLUMN_7-VALUE_08,COLUMN_8-VALUE_01
COLUMN_1-VALUE_07,COLUMN_2-VALUE_06,COLUMN_3-VALUE_10,COLUMN_4-VALUE_06,COLUMN_5-VALUE_08,COLUMN_6-VALUE_04,COLUMN_7-VALUE_10,COLUMN_8-VALUE_01
COLUMN_1-VALUE_02,COLUMN_2-VALUE_01,COLUMN_3-VALUE_02,COLUMN_4-VALUE_04,COLUMN_5-VALUE_09,COLUMN_6-VALUE_09,COLUMN_7-VALUE_01,COLUMN_8-VALUE_08
COLUMN_1-VALUE_12,COLUMN_2-VALUE_12,COLUMN_3-VALUE_11,COLUMN_4-VALUE_02,COLUMN_5-VALUE_06,COLUMN_6-VALUE_01,COLUMN_7-VALUE_06,COLUMN_8-VALUE_12
COLUMN_1-VALUE_01,COLUMN_2-VALUE_12,COLUMN_3-VALUE_10,COLUMN_4-VALUE_10,COLUMN_5-VALUE_01,COLUMN_6-VALUE_06,COLUMN_7-VALUE_07,COLUMN_8-VALUE_06
COLUMN_1-VALUE_04,COLUMN_2-VALUE_01,COLUMN_3-VALUE_11,COLUMN_4-VALUE_12,COLUMN_5-VALUE_07,COLUMN_6-VALUE_02,COLUMN_7-VALUE_10,COLUMN_8-VALUE_11
COLUMN_1-VALUE_12,COLUMN_2-VALUE_05,COLUMN_3-VALUE_10,COLUMN_4-VALUE_04,COLUMN_5-VALUE_05,COLUMN_6-VALUE_07,COLUMN_7-VALUE_09,COLUMN_8-VALUE_11
COLUMN_1-VALUE_11,COLUMN_2-VALUE_09,COLUMN_3-VALUE_07,COLUMN_4-VALUE_09,COLUMN_5-VALUE_10,COLUMN_6-VALUE_09,COLUMN_7-VALUE_12,COLUMN_8-VALUE_07
COLUMN_1-VALUE_09,COLUMN_2-VALUE_07,COLUMN_3-VALUE_09,COLUMN_4-VALUE_09,COLUMN_5-VALUE_07,COLUMN_6-VALUE_01,COLUMN_7-VALUE_06,COLUMN_8-VALUE_05
COLUMN_1-VALUE_01,COLUMN_2-VALUE_08,COLUMN_3-VALUE_02,COLUMN_4-VALUE_08,COLUMN_5-VALUE_07,COLUMN_6-VALUE_06,COLUMN_7-VALUE_02,COLUMN_8-VALUE_03
COLUMN_1-VALUE_02,COLUMN_2-VALUE_02,COLUMN_3-VALUE_12,COLUMN_4-VALUE_06,COLUMN_5-VALUE_12,COLUMN_6-VALUE_10,COLUMN_7-VALUE_10,COLUMN_8-VALUE_05
COLUMN_1-VALUE_12,COLUMN_2-VALUE_03,COLUMN_3-VALUE_10,COLUMN_4-VALUE_07,COLUMN_5-VALUE_09,COLUMN_6-VALUE_08,COLUMN_7-VALUE_01,COLUMN_8-VALUE_02
COLUMN_1-VALUE_05,COLUMN_2-VALUE_06,COLUMN_3-VALUE_04,COLUMN_4-VALUE_03,COLUMN_5-VALUE_10,COLUMN_6-VALUE_09,COLUMN_7-VALUE_06,COLUMN_8-VALUE_08
COLUMN_1-VALUE_01,COLUMN_2-VALUE_04,COLUMN_3-VALUE_08,COLUMN_4-VALUE_03,COLUMN_5-VALUE_04,COLUMN_6-VALUE_12,COLUMN_7-VALUE_01,COLUMN_8-VALUE_08
COLUMN_1-VALUE_02,COLUMN_2-VALUE_09,COLUMN_3-VALUE_08,COLUMN_4-VALUE_11,COLUMN_5-VALUE_12,COLUMN_6-VALUE_05,COLUMN_7-VALUE_03,COLUMN_8-VALUE_08
COLUMN_1-VALUE_11,COLUMN_2-VALUE_02,COLUMN_3-VALUE_01,COLUMN_4-VALUE_11,COLUMN_5-VALUE_01,COLUMN_6-VALUE_12,COLUMN_7-VALUE_02,COLUMN_8-VALUE_08
COLUMN_1-VALUE_08,COLUMN_2-VALUE_06,COLUMN_3-VALUE_05,COLUMN_4-VALUE_12,COLUMN_5-VALUE_12,COLUMN_6-VALUE_10,COLUMN_7-VALUE_12,COLUMN_8-VALUE_05
COLUMN_1-VALUE_03,COLUMN_2-VALUE_10,COLUMN_3-VALUE_02,COLUMN_4-VALUE_11,COLUMN_5-VALUE_08,COLUMN_6-VALUE_04,COLUMN_7-VALUE_02,COLUMN_8-VALUE_02
COLUMN_1-VALUE_05,COLUMN_2-VALUE_08,COLUMN_3-VALUE_08,COLUMN_4-VALUE_03,COLUMN_5-VALUE_05,COLUMN_6-VALUE_01,COLUMN_7-VALUE_06,COLUMN_8-VALUE_08
COLUMN_1-VALUE_08,COLUMN_2-VALUE_05,COLUMN_3-VALUE_09,COLUMN_4-VALUE_08,COLUMN_5-VALUE_06,COLUMN_6-VALUE_08,COLUMN_7-VALUE_03,COLUMN_8-VALUE_05
COLUMN_1-VALUE_06,COLUMN_2-VALUE_09,COLUMN_3-VALUE_10,COLUMN_4-VALUE_09,COLUMN_5-VALUE_04,COLUMN_6-VALUE_02,COLUMN_7-VALUE_07,COLUMN_8-VALUE_08
COLUMN_1-VALUE_09,COLUMN_2-VALUE_10,COLUMN_3-VALUE_03,COLUMN_4-VALUE_07,COLUMN_5-VALUE_02,COLUMN_6-VALUE_01,COLUMN_7-VALUE_09,COLUMN_8-VALUE_10
COLUMN_1-VALUE_02,COLUMN_2-VALUE_05,COLUMN_3-VALUE_09,COLUMN_4-VALUE_09,COLUMN_5-VALUE_01,COLUMN_6-VALUE_07,COLUMN_7-VALUE_03,COLUMN_8-VALUE_05
COLUMN_1-VALUE_06,COLUMN_2-VALUE_11,COLUMN_3-VALUE_09,COLUMN_4-VALUE_02,COLUMN_5-VALUE_02,COLUMN_6-VALUE_09,COLUMN_7-VALUE_12,COLUMN_8-VALUE_09
COLUMN_1-VALUE_09,COLUMN_2-VALUE_10,COLUMN_3-VALUE_03,COLUMN_4-VALUE_05,COLUMN_5-VALUE_11,COLUMN_6-VALUE_11,COLUMN_7-VALUE_08,COLUMN_8-VALUE_12
COLUMN_1-VALUE_10,COLUMN_2-VALUE_07,COLUMN_3-VALUE_11,COLUMN_4-VALUE_05,COLUMN_5-VALUE_05,COLUMN_6-VALUE_06,COLUMN_7-VALUE_10,COLUMN_8-VALUE_11
COLUMN_1-VALUE_07,COLUMN_2-VALUE_04,COLUMN_3-VALUE_04,COLUMN_4-VALUE_01,COLUMN_5-VALUE_02,COLUMN_6-VALUE_03,COLUMN_7-VALUE_08,COLUMN_8-VALUE_03
COLUMN_1-VALUE_08,COLUMN_2-VALUE_03,COLUMN_3-VALUE_12,COLUMN_4-VALUE_04,COLUMN_5-VALUE_02,COLUMN_6-VALUE_03,COLUMN_7-VALUE_04,COLUMN_8-VALUE_03
COLUMN_1-VALUE_11,COLUMN_2-VALUE_10,COLUMN_3-VALUE_07,COLUMN_4-VALUE_11,COLUMN_5-VALUE_08,COLUMN_6-VALUE_10,COLUMN_7-VALUE_06,COLUMN_8-VALUE_07
COLUMN_1-VALUE_06,COLUMN_2-VALUE_04,COLUMN_3-VALUE_12,COLUMN_4-VALUE_11,COLUMN_5-VALUE_05,COLUMN_6-VALUE_11,COLUMN_7-VALUE_03,COLUMN_8-VALUE_08
COLUMN_1-VALUE_04,COLUMN_2-VALUE_09,COLUMN_3-VALUE_09,COLUMN_4-VALUE_02,COLUMN_5-VALUE_02,COLUMN_6-VALUE_03,COLUMN_7-VALUE_02,COLUMN_8-VALUE_10
COLUMN_1-VALUE_06,COLUMN_2-VALUE_06,COLUMN_3-VALUE_04,COLUMN_4-VALUE_08,COLUMN_5-VALUE_02,COLUMN_6-VALUE_12,COLUMN_7-VALUE_11,COLUMN_8-VALUE_08
COLUMN_1-VALUE_04,COLUMN_2-VALUE_12,COLUMN_3-VALUE_01,COLUMN_4-VALUE_01,COLUMN_5-VALUE_09,COLUMN_6-VALUE_06,COLUMN_7-VALUE_04,COLUMN_8-VALUE_08
COLUMN_1-VALUE_03,COLUMN_2-VALUE_03,COLUMN_3-VALUE_01,COLUMN_4-VALUE_05,COLUMN_5-VALUE_09,COLUMN_6-VALUE_03,COLUMN_7-VALUE_05,COLUMN_8-VALUE_08
COLUMN_1-VALUE_08,COLUMN_2-VALUE_12,COLUMN_3-VALUE_11,COLUMN_4-VALUE_10,COLUMN_5-VALUE_12,COLUMN_6-VALUE_06,COLUMN_7-VALUE_03,COLUMN_8-VALUE_03
COLUMN_1-VALUE_04,COLUMN_2-VALUE_12,COLUMN_3-VALUE_11,COLUMN_4-VALUE_06,COLUMN_5-VALUE_11,COLUMN_6-VALUE_11,COLUMN_7-VALUE_04,COLUMN_8-VALUE_11
COLUMN_1-VALUE_08,COLUMN_2-VALUE_09,COLUMN_3-VALUE_06,COLUMN_4-VALUE_10,COLUMN_5-VALUE_09,COLUMN_6-VALUE_08,COLUMN_7-VALUE_11,COLUMN_8-VALUE_12
COLUMN_1-VALUE_07,COLUMN_2-VALUE_10,COLUMN_3-VALUE_05,COLUMN_4-VALUE_08,COLUMN_5-VALUE_09,COLUMN_6-VALUE_09,COLUMN_7-VALUE_08,COLUMN_8-VALUE_09
COLUMN_1-VALUE_05,COLUMN_2-VALUE_01,COLUMN_3-VALUE_12,COLUMN_4-VALUE_04,COLUMN_5-VALUE_12,COLUMN_6-VALUE_06,COLUMN_7-VALUE_12,COLUMN_8-VALUE_08
COLUMN_1-VALUE_03,COLUMN_2-VALUE_05,COLUMN_3-VALUE_11,COLUMN_4-VALUE_02,COLUMN_5-VALUE_01,COLUMN_6-VALUE_07,COLUMN_7-VALUE_07,COLUMN_8-VALUE_01
COLUMN_1-VALUE_09,COLUMN_2-VALUE_05,COLUMN_3-VALUE_07,COLUMN_4-VALUE_05,COLUMN_5-VALUE_10,COLUMN_6-VALUE_05,COLUMN_7-VALUE_02,COLUMN_8-VALUE_02
COLUMN_1-VALUE_04,COLUMN_2-VALUE_05,COLUMN_3-VALUE_09,COLUMN_4-VALUE_07,COLUMN_5-VALUE_08,COLUMN_6-VALUE_02,COLUMN_7-VALUE_05,COLUMN_8-VALUE_05
COLUMN_1-VALUE_07,COLUMN_2-VALUE_08,COLUMN_3-VALUE_04,COLUMN_4-VALUE_04,COLUMN_5-VALUE_03,COLUMN_6-VALUE_10,COLUMN_7-VALUE_06,COLUMN_8-VALUE_12
COLUMN_1-VALUE_09,COLUMN_2-VALUE_12,COLUMN_3-VALUE_12,COLUMN_4-VALUE_05,COLUMN_5-VALUE_12,COLUMN_6-VALUE_09,COLUMN_7-VALUE_06,COLUMN_8-VALUE_07
COLUMN_1-VALUE_05,COLUMN_2-VALUE_03,COLUMN_3-VALUE_01,COLUMN_4-VALUE_11,COLUMN_5-VALUE_12,COLUMN_6-VALUE_04,COLUMN_7-VALUE_10,COLUMN_8-VALUE_07
COLUMN_1-VALUE_10,COLUMN_2-VALUE_01,COLUMN_3-VALUE_05,COLUMN_4-VALUE_10,COLUMN_5-VALUE_01,COLUMN_6-VALUE_02,COLUMN_7-VALUE_04,COLUMN_8-VALUE_04
COLUMN_1-VALUE_04,COLUMN_2-VALUE_10,COLUMN_3-VALUE_07,COLUMN_4-VALUE_11,COLUMN_5-VALUE_03,COLUMN_6-VALUE_01,COLUMN_7-VALUE_01,COLUMN_8-VALUE_11
COLUMN_1-VALUE_10,COLUMN_2-VALUE_04,COLUMN_3-VALUE_09,COLUMN_4-VALUE_05,COLUMN_5-VALUE_03,COLUMN_6-VALUE_04,COLUMN_7-VALUE_10,COLUMN_8-VALUE_02
COLUMN_1-VALUE_04,COLUMN_2-VALUE_06,COLUMN_3-VALUE_02,COLUMN_4-VALUE_09,COLUMN_5-VALUE_04,COLUMN_6-VALUE_02,COLUMN_7-VALUE_03,COLUMN_8-VALUE_08
COLUMN_1-VALUE_07,COLUMN_2-VALUE_06,COLUMN_3-VALUE_12,COLUMN_4-VALUE_09,COLUMN_5-VALUE_01,COLUMN_6-VALUE_08,COLUMN_7-VALUE_08,COLUMN_8-VALUE_04
COLUMN_1-VALUE_07,COLUMN_2-VALUE_04,COLUMN_3-VALUE_06,COLUMN_4-VALUE_07,COLUMN_5-VALUE_08,COLUMN_6-VALUE_12,COLUMN_7-VALUE_10,COLUMN_8-VALUE_08
COLUMN_1-VALUE_07,COLUMN_2-VALUE_05,COLUMN_3-VALUE_11,COLUMN_4-VALUE_07,COLUMN_5-VALUE_11,COLUMN_6-VALUE_01,COLUMN_7-VALUE_11,COLUMN_8-VALUE_11
COLUMN_1-VALUE_06,COLUMN_2-VALUE_08,COLUMN_3-VALUE_02,COLUMN_4-VALUE_01,COLUMN_5-VALUE_02,COLUMN_6-VALUE_10,COLUMN_7-VALUE_01,COLUMN_8-VALUE_01
COLUMN_1-VALUE_04,COLUMN_2-VALUE_10,COLUMN_3-VALUE_05,COLUMN_4-VALUE_10,COLUMN_5-VALUE_04,COLUMN_6-VALUE_08,COLUMN_7-VALUE_12,COLUMN_8-VALUE_09
COLUMN_1-VALUE_07,COLUMN_2-VALUE_07,COLUMN_3-VALUE_01,COLUMN_4-VALUE_09,COLUMN_5-VALUE_07,COLUMN_6-VALUE_11,COLUMN_7-VALUE_08,COLUMN_8-VALUE_08
COLUMN_1-VALUE_05,COLUMN_2-VALUE_12,COLUMN_3-VALUE_03,COLUMN_4-VALUE_12,COLUMN_5-VALUE_04,COLUMN_6-VALUE_11,COLUMN_7-VALUE_12,COLUMN_8-VALUE_07
COLUMN_1-VALUE_03,COLUMN_2-VALUE_03,COLUMN_3-VALUE_11,COLUMN_4-VALUE_07,COLUMN_5-VALUE_05,COLUMN_6-VALUE_04,COLUMN_7-VALUE_11,COLUMN_8-VALUE_02
COLUMN_1-VALUE_11,COLUMN_2-VALUE_04,COLUMN_3-VALUE_02,COLUMN_4-VALUE_01,COLUMN_5-VALUE_07,COLUMN_6-VALUE_02,COLUMN_7-VALUE_08,COLUMN_8-VALUE_02
COLUMN_1-VALUE_06,COLUMN_2-VALUE_12,COLUMN_3-VALUE_11,COLUMN_4-VALUE_03,COLUMN_5-VALUE_09,COLUMN_6-VALUE_06,COLUMN_7-VALUE_11,COLUMN_8-VALUE_03
COLUMN_1-VALUE_06,COLUMN_2-VALUE_06,COLUMN_3-VALUE_09,COLUMN_4-VALUE_11,COLUMN_5-VALUE_09,COLUMN_6-VALUE_02,COLUMN_7-VALUE_07,COLUMN_8-VALUE_02
COLUMN_1-VALUE_12,COLUMN_2-VALUE_04,COLUMN_3-VALUE_10,COLUMN_4-VALUE_10,COLUMN_5-VALUE_09,COLUMN_6-VALUE_01,COLUMN_7-VALUE_12,COLUMN_8-VALUE_08
COLUMN_1-VALUE_11,COLUMN_2-VALUE_09,COLUMN_3-VALUE_11,COLUMN_4-VALUE_08,COLUMN_5-VALUE_07,COLUMN_6-VALUE_10,COLUMN_7-VALUE_01,COLUMN_8-VALUE_03
COLUMN_1-VALUE_04,COLUMN_2-VALUE_02,COLUMN_3-VALUE_04,COLUMN_4-VALUE_07,COLUMN_5-VALUE_04,COLUMN_6-VALUE_06,COLUMN_7-VALUE_08,COLUMN_8-VALUE_08
COLUMN_1-VALUE_02,COLUMN_2-VALUE_10,COLUMN_3-VALUE_06,COLUMN_4-VALUE_02,COLUMN_5-VALUE_07,COLUMN_6-VALUE_11,COLUMN_7-VALUE_07,COLUMN_8-VALUE_05
COLUMN_1-VALUE_08,COLUMN_2-VALUE_08,COLUMN_3-VALUE_11,COLUMN_4-VALUE_12,COLUMN_5-VALUE_04,COLUMN_6-VALUE_12,COLUMN_7-VALUE_09,COLUMN_8-VALUE_01
COLUMN_1-VALUE_12,COLUMN_2-VALUE_08,COLUMN_3-VALUE_11,COLUMN_4-VALUE_04,COLUMN_5-VALUE_06,COLUMN_6-VALUE_02,COLUMN_7-VALUE_10,COLUMN_8-VALUE_05
COLUMN_1-VALUE_05,COLUMN_2-VALUE_02,COLUMN_3-VALUE_03,COLUMN_4-VALUE_01,COLUMN_5-VALUE_04,COLUMN_6-VALUE_11,COLUMN_7-VALUE_11,COLUMN_8-VALUE_02
COLUMN_1-VALUE_04,COLUMN_2-VALUE_02,COLUMN_3-VALUE_12,COLUMN_4-VALUE_03,COLUMN_5-VALUE_03,COLUMN_6-VALUE_02,COLUMN_7-VALUE_08,COLUMN_8-VALUE_11
COLUMN_1-VALUE_10,COLUMN_2-VALUE_08,COLUMN_3-VALUE_05,COLUMN_4-VALUE_05,COLUMN_5-VALUE_10,COLUMN_6-VALUE_07,COLUMN_7-VALUE_12,COLUMN_8-VALUE_12
COLUMN_1-VALUE_05,COLUMN_2-VALUE_01,COLUMN_3-VALUE_07,COLUMN_4-VALUE_05,COLUMN_5-VALUE_01,COLUMN_6-VALUE_10,COLUMN_7-VALUE_03,COLUMN_8-VALUE_06
COLUMN_1-VALUE_08,COLUMN_2-VALUE_04,COLUMN_3-VALUE_10,COLUMN_4-VALUE_05,COLUMN_5-VALUE_12,COLUMN_6-VALUE_01,COLUMN_7-VALUE_04,COLUMN_8-VALUE_03
COLUMN_1-VALUE_07,COLUMN_2-VALUE_12,COLUMN_3-VALUE_10,COLUMN_4-VALUE_08,COLUMN_5-VALUE_04,COLUMN_6-VALUE_10,COLUMN_7-VALUE_11,COLUMN_8-VALUE_08
COLUMN_1-VALUE_12,COLUMN_2-VALUE_08,COLUMN_3-VALUE_04,COLUMN_4-VALUE_03,COLUMN_5-VALUE_09,COLUMN_6-VALUE_07,COLUMN_7-VALUE_10,COLUMN_8-VALUE_10
COLUMN_1-VALUE_08,COLUMN_2-VALUE_09,COLUMN_3-VALUE_10,COLUMN_4-VALUE_07,COLUMN_5-VALUE_03,COLUMN_6-VALUE_05,COLUMN_7-VALUE_09,COLUMN_8-VALUE_12
COLUMN_1-VALUE_01,COLUMN_2-VALUE_01,COLUMN_3-VALUE_01,COLUMN_4-VALUE_02,COLUMN_5-VALUE_02,COLUMN_6-VALUE_04,COLUMN_7-VALUE_12,COLUMN_8-VALUE_11
COLUMN_1-VALUE_01,COLUMN_2-VALUE_01,COLUMN_3-VALUE_12,COLUMN_4-VALUE_08,COLUMN_5-VALUE_11,COLUMN_6-VALUE_12,COLUMN_7-VALUE_09,COLUMN_8-VALUE_07
COLUMN_1-VALUE_12,COLUMN_2-VALUE_06,COLUMN_3-VALUE_11,COLUMN_4-VALUE_04,COLUMN_5-VALUE_05,COLUMN_6-VALUE_03,COLUMN_7-VALUE_04,COLUMN_8-VALUE_08
COLUMN_1-VALUE_07,COLUMN_2-VALUE_07,COLUMN_3-VALUE_11,COLUMN_4-VALUE_04,COLUMN_5-VALUE_11,COLUMN_6-VALUE_02,COLUMN_7-VALUE_11,COLUMN_8-VALUE_01
COLUMN_1-VALUE_05,COLUMN_2-VALUE_05,COLUMN_3-VALUE_02,COLUMN_4-VALUE_07,COLUMN_5-VALUE_07,COLUMN_6-VALUE_10,COLUMN_7-VALUE_04,COLUMN_8-VALUE_09
COLUMN_1-VALUE_03,COLUMN_2-VALUE_10,COLUMN_3-VALUE_02,COLUMN_4-VALUE_01,COLUMN_5-VALUE_06,COLUMN_6-VALUE_11,COLUMN_7-VALUE_11,COLUMN_8-VALUE_03
COLUMN_1-VALUE_06,COLUMN_2-VALUE_06,COLUMN_3-VALUE_06,COLUMN_4-VALUE_10,COLUMN_5-VALUE_10,COLUMN_6-VALUE_09,COLUMN_7-VALUE_07,COLUMN_8-VALUE_12
COLUMN_1-VALUE_11,COLUMN_2-VALUE_02,COLUMN_3-VALUE_05,COLUMN_4-VALUE_03,COLUMN_5-VALUE_01,COLUMN_6-VALUE_08,COLUMN_7-VALUE_07,COLUMN_8-VALUE_12
COLUMN_1-VALUE_02,COLUMN_2-VALUE_01,COLUMN_3-VALUE_11,COLUMN_4-VALUE_10,COLUMN_5-VALUE_05,COLUMN_6-VALUE_12,COLUMN_7-VALUE_03,COLUMN_8-VALUE_08
COLUMN_1-VALUE_10,COLUMN_2-VALUE_05,COLUMN_3-VALUE_09,COLUMN_4-VALUE_08,COLUMN_5-VALUE_05,COLUMN_6-VALUE_10,COLUMN_7-VALUE_07,COLUMN_8-VALUE_04
COLUMN_1-VALUE_06,COLUMN_2-VALUE_09,COLUMN_3-VALUE_01,COLUMN_4-VALUE_01,COLUMN_5-VALUE_08,COLUMN_6-VALUE_12,COLUMN_7-VALUE_11,COLUMN_8-VALUE_08
COLUMN_1-VALUE_03,COLUMN_2-VALUE_08,COLUMN_3-VALUE_09,COLUMN_4-VALUE_04,COLUMN_5-VALUE_03,COLUMN_6-VALUE_12,COLUMN_7-VALUE_10,COLUMN_8-VALUE_08
COLUMN_1-VALUE_02,COLUMN_2-VALUE_05,COLUMN_3-VALUE_11,COLUMN_4-VALUE_07,COLUMN_5-VALUE_03,COLUMN_6-VALUE_06,COLUMN_7-VALUE_05,COLUMN_8-VALUE_06
COLUMN_1-VALUE_09,COLUMN_2-VALUE_02,COLUMN_3-VALUE_02,COLUMN_4-VALUE_10,COLUMN_5-VALUE_11,COLUMN_6-VALUE_06,COLUMN_7-VALUE_10,COLUMN_8-VALUE_07
COLUMN_1-VALUE_06,COLUMN_2-VALUE_03,COLUMN_3-VALUE_07,COLUMN_4-VALUE_12,COLUMN_5-VALUE_06,COLUMN_6-VALUE_01,COLUMN_7-VALUE_11,COLUMN_8-VALUE_07
COLUMN_1-VALUE_11,COLUMN_2-VALUE_01,COLUMN_3-VALUE_09,COLUMN_4-VALUE_12,COLUMN_5-VALUE_03,COLUMN_6-VALUE_06,COLUMN_7-VALUE_04,COLUMN_8-VALUE_06
COLUMN_1-VALUE_05,COLUMN_2-VALUE_05,COLUMN_3-VALUE_03,COLUMN_4-VALUE_11,COLUMN_5-VALUE_07,COLUMN_6-VALUE_01,COLUMN_7-VALUE_08,COLUMN_8-VALUE_07
COLUMN_1-VALUE_12,COLUMN_2-VALUE_02,COLUMN_3-VALUE_09,COLUMN_4-VALUE_04,COLUMN_5-VALUE_08,COLUMN_6-VALUE_06,COLUMN_7-VALUE_02,COLUMN_8-VALUE_04
COLUMN_1-VALUE_05,COLUMN_2-VALUE_07,COLUMN_3-VALUE_04,COLUMN_4-VALUE_08,COLUMN_5-VALUE_03,COLUMN_6-VALUE_08,COLUMN_7-VALUE_02,COLUMN_8-VALUE_03
COLUMN_1-VALUE_08,COLUMN_2-VALUE_03,COLUMN_3-VALUE_04,COLUMN_4-VALUE_05,COLUMN_5-VALUE_01,COLUMN_6-VALUE_10,COLUMN_7-VALUE_08,COLUMN_8-VALUE_08
COLUMN_1-VALUE_01,COLUMN_2-VALUE_09,COLUMN_3-VALUE_03,COLUMN_4-VALUE_06,COLUMN_5-VALUE_09,COLUMN_6-VALUE_11,COLUMN_7-VALUE_04,COLUMN_8-VALUE_05
COLUMN_1-VALUE_07,COLUMN_2-VALUE_12,COLUMN_3-VALUE_05,COLUMN_4-VALUE_08,COLUMN_5-VALUE_04,COLUMN_6-VALUE_03,COLUMN_7-VALUE_09,COLUMN_8-VALUE_01
COLUMN_1-VALUE_07,COLUMN_2-VALUE_09,COLUMN_3-VALUE_02,COLUMN_4-VALUE_06,COLUMN_5-VALUE_09,COLUMN_6-VALUE_06,COLUMN_7-VALUE_11,COLUMN_8-VALUE_07
COLUMN_1-VALUE_06,COLUMN_2-VALUE_04,COLUMN_3-VALUE_04,COLUMN_4-VALUE_03,COLUMN_5-VALUE_04,COLUMN_6-VALUE_10,COLUMN_7-VALUE_11,COLUMN_8-VALUE_12
COLUMN_1-VALUE_09,COLUMN_2-VALUE_02,COLUMN_3-VALUE_05,COLUMN_4-VALUE_11,COLUMN_5-VALUE_05,COLUMN_6-VALUE_09,COLUMN_7-VALUE_01,COLUMN_8-VALUE_02
COLUMN_1-VALUE_10,COLUMN_2-VALUE_05,COLUMN_3-VALUE_07,COLUMN_4-VALUE_02,COLUMN_5-VALUE_09,COLUMN_6-VALUE_09,COLUMN_7-VALUE_05,COLUMN_8-VALUE_03
COLUMN_1-VALUE_08,COLUMN_2-VALUE_02,COLUMN_3-VALUE_01,COLUMN_4-VALUE_03,COLUMN_5-VALUE_03,COLUMN_6-VALUE_05,COLUMN_7-VALUE_04,COLUMN_8-VALUE_09
COLUMN_1-VALUE_02,COLUMN_2-VALUE_06,COLUMN_3-VALUE_10,COLUMN_4-VALUE_11,COLUMN_5-VALUE_09,COLUMN_6-VALUE_03,COLUMN_7-VALUE_10,COLUMN_8-VALUE_10
COLUMN_1-VALUE_05,COLUMN_2-VALUE_03,COLUMN_3-VALUE_12,COLUMN_4-VALUE_10,COLUMN_5-VALUE_01,COLUMN_6-VALUE_04,COLUMN_7-VALUE_07,COLUMN_8-VALUE_10
COLUMN_1-VALUE_03,COLUMN_2-VALUE_01,COLUMN_3-VALUE_12,COLUMN_4-VALUE_12,COLUMN_5-VALUE_09,COLUMN_6-VALUE_01,COLUMN_7-VALUE_04,COLUMN_8-VALUE_01
COLUMN_1-VALUE_11,COLUMN_2-VALUE_02,COLUMN_3-VALUE_12,COLUMN_4-VALUE_09,COLUMN_5-VALUE_10,COLUMN_6-VALUE_07,COLUMN_7-VALUE_03,COLUMN_8-VALUE_03
COLUMN_1-VALUE_06,COLUMN_2-VALUE_02,COLUMN_3-VALUE_07,COLUMN_4-VALUE_12,COLUMN_5-VALUE_03,COLUMN_6-VALUE_07,COLUMN_7-VALUE_02,COLUMN_8-VALUE_01
COLUMN_1-VALUE_01,COLUMN_2-VALUE_01,COLUMN_3-VALUE_11,COLUMN_4-VALUE_04,COLUMN_5-VALUE_05,COLUMN_6-VALUE_03,COLUMN_7-VALUE_11,COLUMN_8-VALUE_01
COLUMN_1-VALUE_01,COLUMN_2-VALUE_01,COLUMN_3-VALUE_11,COLUMN_4-VALUE_02,COLUMN_5-VALUE_05,COLUMN_6-VALUE_03,COLUMN_7-VALUE_07,COLUMN_8-VALUE_10
COLUMN_1-VALUE_02,COLUMN_2-VALUE_06,COLUMN_3-VALUE_01,COLUMN_4-VALUE_10,COLUMN_5-VALUE_07,COLUMN_6-VALUE_01,COLUMN_7-VALUE_07,COLUMN_8-VALUE_10
COLUMN_1-VALUE_04,COLUMN_2-VALUE_08,COLUMN_3-VALUE_05,COLUMN_4-VALUE_05,COLUMN_5-VALUE_10,COLUMN_6-VALUE_02,COLUMN_7-VALUE_03,COLUMN_8-VALUE_06
COLUMN_1-VALUE_09,COLUMN_2-VALUE_03,COLUMN_3-VALUE_09,COLUMN_4-VALUE_02,COLUMN_5-VALUE_08,COLUMN_6-VALUE_12,COLUMN_7-VALUE_06,COLUMN_8-VALUE_08
COLUMN_1-VALUE_11,COLUMN_2-VALUE_12,COLUMN_3-VALUE_03,COLUMN_4-VALUE_08,COLUMN_5-VALUE_11,COLUMN_6-VALUE_06,COLUMN_7-VALUE_02,COLUMN_8-VALUE_01
COLUMN_1-VALUE_07,COLUMN_2-VALUE_01,COLUMN_3-VALUE_09,COLUMN_4-VALUE_08,COLUMN_5-VALUE_06,COLUMN_6-VALUE_09,COLUMN_7-VALUE_09,COLUMN_8-VALUE_02
COLUMN_1-VALUE_02,COLUMN_2-VALUE_03,COLUMN_3-VALUE_01,COLUMN_4-VALUE_09,COLUMN_5-VALUE_10,COLUMN_6-VALUE_12,COLUMN_7-VALUE_03,COLUMN_8-VALUE_05
COLUMN_1-VALUE_05,COLUMN_2-VALUE_05,COLUMN_3-VALUE_09,COLUMN_4-VALUE_06,COLUMN_5-VALUE_02,COLUMN_6-VALUE_10,COLUMN_7-VALUE_11,COLUMN_8-VALUE_01
COLUMN_1-VALUE_12,COLUMN_2-VALUE_08,COLUMN_3-VALUE_01,COLUMN_4-VALUE_03,COLUMN_5-VALUE_08,COLUMN_6-VALUE_12,COLUMN_7-VALUE_09,COLUMN_8-VALUE_09
COLUMN_1-VALUE_05,COLUMN_2-VALUE_08,COLUMN_3-VALUE_05,COLUMN_4-VALUE_11,COLUMN_5-VALUE_07,COLUMN_6-VALUE_03,COLUMN_7-VALUE_07,COLUMN_8-VALUE_08
COLUMN_1-VALUE_08,COLUMN_2-VALUE_07,COLUMN_3-VALUE_12,COLUMN_4-VALUE_02,COLUMN_5-VALUE_11,COLUMN_6-VALUE_10,COLUMN_7-VALUE_03,COLUMN_8-VALUE_10
COLUMN_1-VALUE_12,COLUMN_2-VALUE_12,COLUMN_3-VALUE_01,COLUMN_4-VALUE_03,COLUMN_5-VALUE_05,COLUMN_6-VALUE_11,COLUMN_7-VALUE_11,COLUMN_8-VALUE_03
COLUMN_1-VALUE_03,COLUMN_2-VALUE_05,COLUMN_3-VALUE_03,COLUMN_4-VALUE_05,COLUMN_5-VALUE_09,COLUMN_6-VALUE_09,COLUMN_7-VALUE_04,COLUMN_8-VALUE_04
COLUMN_1-VALUE_02,COLUMN_2-VALUE_11,COLUMN_3-VALUE_04,COLUMN_4-VALUE_06,COLUMN_5-VALUE_07,COLUMN_6-VALUE_05,COLUMN_7-VALUE_10,COLUMN_8-VALUE_11
COLUMN_1-VALUE_04,COLUMN_2-VALUE_11,COLUMN_3-VALUE_09,COLUMN_4-VALUE_05,COLUMN_5-VALUE_10,COLUMN_6-VALUE_08,COLUMN_7-VALUE_06,COLUMN_8-VALUE_08
COLUMN_1-VALUE_03,COLUMN_2-VALUE_12,COLUMN_3-VALUE_12,COLUMN_4-VALUE_01,COLUMN_5-VALUE_08,COLUMN_6-VALUE_03,COLUMN_7-VALUE_06,COLUMN_8-VALUE_04
COLUMN_1-VALUE_07,COLUMN_2-VALUE_08,COLUMN_3-VALUE_09,COLUMN_4-VALUE_08,COLUMN_5-VALUE_12,COLUMN_6-VALUE_03,COLUMN_7-VALUE_05,COLUMN_8-VALUE_02
COLUMN_1-VALUE_06,COLUMN_2-VALUE_02,COLUMN_3-VALUE_10,COLUMN_4-VALUE_07,COLUMN_5-VALUE_03,COLUMN_6-VALUE_05,COLUMN_7-VALUE_12,COLUMN_8-VALUE_11
COLUMN_1-VALUE_12,COLUMN_2-VALUE_12,COLUMN_3-VALUE_11,COLUMN_4-VALUE_01,COLUMN_5-VALUE_04,COLUMN_6-VALUE_09,COLUMN_7-VALUE_03,COLUMN_8-VALUE_03
COLUMN_1-VALUE_01,COLUMN_2-VALUE_09,COLUMN_3-VALUE_09,COLUMN_4-VALUE_07,COLUMN_5-VALUE_01,COLUMN_6-VALUE_12,COLUMN_7-VALUE_07,COLUMN_8-VALUE_02
COLUMN_1-VALUE_12,COLUMN_2-VALUE_12,COLUMN_3-VALUE_08,COLUMN_4-VALUE_10,COLUMN_5-VALUE_02,COLUMN_6-VALUE_04,COLUMN_7-VALUE_01,COLUMN_8-VALUE_06
COLUMN_1-VALUE_04,COLUMN_2-VALUE_06,COLUMN_3-VALUE_05,COLUMN_4-VALUE_12,COLUMN_5-VALUE_09,COLUMN_6-VALUE_06,COLUMN_7-VALUE_08,COLUMN_8-VALUE_11
COLUMN_1-VALUE_10,COLUMN_2-VALUE_08,COLUMN_3-VALUE_08,COLUMN_4-VALUE_05,COLUMN_5-VALUE_06,COLUMN_6-VALUE_12,COLUMN_7-VALUE_04,COLUMN_8-VALUE_08
COLUMN_1-VALUE_10,COLUMN_2-VALUE_11,COLUMN_3-VALUE_11,COLUMN_4-VALUE_06,COLUMN_5-VALUE_07,COLUMN_6-VALUE_04,COLUMN_7-VALUE_06,COLUMN_8-VALUE_06
COLUMN_1-VALUE_10,COLUMN_2-VALUE_04,COLUMN_3-VALUE_01,COLUMN_4-VALUE_12,COLUMN_5-VALUE_04,COLUMN_6-VALUE_09,COLUMN_7-VALUE_05,COLUMN_8-VALUE_11
COLUMN_1-VALUE_04,COLUMN_2-VALUE_05,COLUMN_3-VALUE_02,COLUMN_4-VALUE_03,COLUMN_5-VALUE_01,COLUMN_6-VALUE_05,COLUMN_7-VALUE_05,COLUMN_8-VALUE_11
COLUMN_1-VALUE_01,COLUMN_2-VALUE_10,COLUMN_3-VALUE_12,COLUMN_4-VALUE_03,COLUMN_5-VALUE_10,COLUMN_6-VALUE_05,COLUMN_7-VALUE_08,COLUMN_8-VALUE_07
COLUMN_1-VALUE_01,COLUMN_2-VALUE_10,COLUMN_3-VALUE_10,COLUMN_4-VALUE_07,COLUMN_5-VALUE_04,COLUMN_6-VALUE_08,COLUMN_7-VALUE_07,COLUMN_8-VALUE_01
COLUMN_1-VALUE_05,COLUMN_2-VALUE_05,COLUMN_3-VALUE_11,COLUMN_4-VALUE_01,COLUMN_5-VALUE_02,COLUMN_6-VALUE_02,COLUMN_7-VALUE_05,COLUMN_8-VALUE_03
COLUMN_1-VALUE_09,COLUMN_2-VALUE_04,COLUMN_3-VALUE_12,COLUMN_4-VALUE_11,COLUMN_5-VALUE_07,COLUMN_6-VALUE_06,COLUMN_7-VALUE_07,COLUMN_8-VALUE_05
COLUMN_1-VALUE_07,COLUMN_2-VALUE_01,COLUMN_3-VALUE_02,COLUMN_4-VALUE_03,COLUMN_5-VALUE_03,COLUMN_6-VALUE_05,COLUMN_7-VALUE_05,COLUMN_8-VALUE_10
COLUMN_1-VALUE_07,COLUMN_2-VALUE_04,COLUMN_3-VALUE_08,COLUMN_4-VALUE_10,COLUMN_5-VALUE_01,COLUMN_6-VALUE_11,COLUMN_7-VALUE_10,COLUMN_8-VALUE_04
COLUMN_1-VALUE_04,COLUMN_2-VALUE_08,COLUMN_3-VALUE_06,COLUMN_4-VALUE_09,COLUMN_5-VALUE_07,COLUMN_6-VALUE_09,COLUMN_7-VALUE_01,COLUMN_8-VALUE_09
COLUMN_1-VALUE_03,COLUMN_2-VALUE_01,COLUMN_3-VALUE_06,COLUMN_4-VALUE_09,COLUMN_5-VALUE_10,COLUMN_6-VALUE_07,COLUMN_7-VALUE_10,COLUMN_8-VALUE_09
COLUMN_1-VALUE_08,COLUMN_2-VALUE_07,COLUMN_3-VALUE_04,COLUMN_4-VALUE_10,COLUMN_5-VALUE_01,COLUMN_6-VALUE_04,COLUMN_7-VALUE_03,COLUMN_8-VALUE_01
COLUMN_1-VALUE_06,COLUMN_2-VALUE_03,COLUMN_3-VALUE_12,COLUMN_4-VALUE_12,COLUMN_5-VALUE_12,COLUMN_6-VALUE_06,COLUMN_7-VALUE_06,COLUMN_8-VALUE_03
COLUMN_1-VALUE_02,COLUMN_2-VALUE_02,COLUMN_3-VALUE_02,COLUMN_4-VALUE_10,COLUMN_5-VALUE_08,COLUMN_6-VALUE_06,COLUMN_7-VALUE_11,COLUMN_8-VALUE_11
COLUMN_1-VALUE_10,COLUMN_2-VALUE_11,COLUMN_3-VALUE_05,COLUMN_4-VALUE_03,COLUMN_5-VALUE_01,COLUMN_6-VALUE_05,COLUMN_7-VALUE_09,COLUMN_8-VALUE_05
COLUMN_1-VALUE_07,COLUMN_2-VALUE_05,COLUMN_3-VALUE_03,COLUMN_4-VALUE_05,COLUMN_5-VALUE_12,COLUMN_6-VALUE_07,COLUMN_7-VALUE_12,COLUMN_8-VALUE_05
COLUMN_1-VALUE_01,COLUMN_2-VALUE_07,COLUMN_3-VALUE_07,COLUMN_4-VALUE_06,COLUMN_5-VALUE_08,COLUMN_6-VALUE_09,COLUMN_7-VALUE_09,COLUMN_8-VALUE_09
COLUMN_1-VALUE_06,COLUMN_2-VALUE_10,COLUMN_3-VALUE_04,COLUMN_4-VALUE_01,COLUMN_5-VALUE_02,COLUMN_6-VALUE_04,COLUMN_7-VALUE_05,COLUMN_8-VALUE_08
COLUMN_1-VALUE_02,COLUMN_2-VALUE_12,COLUMN_3-VALUE_03,COLUMN_4-VALUE_08,COLUMN_5-VALUE_09,COLUMN_6-VALUE_03,COLUMN_7-VALUE_09,COLUMN_8-VALUE_03
COLUMN_1-VALUE_11,COLUMN_2-VALUE_11,COLUMN_3-VALUE_06,COLUMN_4-VALUE_01,COLUMN_5-VALUE_09,COLUMN_6-VALUE_05,COLUMN_7-VALUE_01,COLUMN_8-VALUE_12
COLUMN_1-VALUE_06,COLUMN_2-VALUE_07,COLUMN_3-VALUE_02,COLUMN_4-VALUE_11,COLUMN_5-VALUE_11,COLUMN_6-VALUE_04,COLUMN_7-VALUE_07,COLUMN_8-VALUE_04
COLUMN_1-VALUE_06,COLUMN_2-VALUE_02,COLUMN_3-VALUE_10,COLUMN_4-VALUE_11,COLUMN_5-VALUE_02,COLUMN_6-VALUE_10,COLUMN_7-VALUE_05,COLUMN_8-VALUE_03
COLUMN_1-VALUE_11,COLUMN_2-VALUE_11,COLUMN_3-VALUE_06,COLUMN_4-VALUE_02,COLUMN_5-VALUE_09,COLUMN_6-VALUE_03,COLUMN_7-VALUE_11,COLUMN_8-VALUE_02
COLUMN_1-VALUE_09,COLUMN_2-VALUE_12,COLUMN_3-VALUE_03,COLUMN_4-VALUE_02,COLUMN_5-VALUE_01,COLUMN_6-VALUE_11,COLUMN_7-VALUE_11,COLUMN_8-VALUE_02
COLUMN_1-VALUE_01,COLUMN_2-VALUE_05,COLUMN_3-VALUE_03,COLUMN_4-VALUE_09,COLUMN_5-VALUE_01,COLUMN_6-VALUE_04,COLUMN_7-VALUE_03,COLUMN_8-VALUE_05
COLUMN_1-VALUE_05,COLUMN_2-VALUE_11,COLUMN_3-VALUE_10,COLUMN_4-VALUE_07,COLUMN_5-VALUE_03,COLUMN_6-VALUE_11,COLUMN_7-VALUE_08,COLUMN_8-VALUE_10
COLUMN_1-VALUE_08,COLUMN_2-VALUE_05,COLUMN_3-VALUE_04,COLUMN_4-VALUE_10,COLUMN_5-VALUE_12,COLUMN_6-VALUE_03,COLUMN_7-VALUE_12,COLUMN_8-VALUE_01
COLUMN_1-VALUE_01,COLUMN_2-VALUE_09,COLUMN_3-VALUE_03,COLUMN_4-VALUE_07,COLUMN_5-VALUE_08,COLUMN_6-VALUE_05,COLUMN_7-VALUE_07,COLUMN_8-VALUE_07
COLUMN_1-VALUE_05,COLUMN_2-VALUE_01,COLUMN_3-VALUE_06,COLUMN_4-VALUE_07,COLUMN_5-VALUE_05,COLUMN_6-VALUE_10,COLUMN_7-VALUE_08,COLUMN_8-VALUE_05
COLUMN_1-VALUE_07,COLUMN_2-VALUE_07,COLUMN_3-VALUE_12,COLUMN_4-VALUE_04,COLUMN_5-VALUE_09,COLUMN_6-VALUE_10,COLUMN_7-VALUE_09,COLUMN_8-VALUE_08
COLUMN_1-VALUE_09,COLUMN_2-VALUE_12,COLUMN_3-VALUE_11,COLUMN_4-VALUE_09,COLUMN_5-VALUE_08,COLUMN_6-VALUE_02,COLUMN_7-VALUE_11,COLUMN_8-VALUE_08
COLUMN_1-VALUE_08,COLUMN_2-VALUE_12,COLUMN_3-VALUE_09,COLUMN_4-VALUE_06,COLUMN_5-VALUE_01,COLUMN_6-VALUE_02,COLUMN_7-VALUE_03,COLUMN_8-VALUE_11
COLUMN_1-VALUE_11,COLUMN_2-VALUE_06,COLUMN_3-VALUE_11,COLUMN_4-VALUE_07,COLUMN_5-VALUE_07,COLUMN_6-VALUE_04,COLUMN_7-VALUE_12,COLUMN_8-VALUE_06
COLUMN_1-VALUE_03,COLUMN_2-VALUE_12,COLUMN_3-VALUE_03,COLUMN_4-VALUE_11,COLUMN_5-VALUE_11,COLUMN_6-VALUE_05,COLUMN_7-VALUE_02,COLUMN_8-VALUE_11
COLUMN_1-VALUE_11,COLUMN_2-VALUE_02,COLUMN_3-VALUE_01,COLUMN_4-VALUE_03,COLUMN_5-VALUE_12,COLUMN_6-VALUE_06,COLUMN_7-VALUE_04,COLUMN_8-VALUE_03
COLUMN_1-VALUE_08,COLUMN_2-VALUE_03,COLUMN_3-VALUE_02,COLUMN_4-VALUE_11,COLUMN_5-VALUE_07,COLUMN_6-VALUE_09,COLUMN_7-VALUE_07,COLUMN_8-VALUE_06
COLUMN_1-VALUE_12,COLUMN_2-VALUE_05,COLUMN_3-VALUE_08,COLUMN_4-VALUE_04,COLUMN_5-VALUE_01,COLUMN_6-VALUE_03,COLUMN_7-VALUE_07,COLUMN_8-VALUE_09
COLUMN_1-VALUE_02,COLUMN_2-VALUE_09,COLUMN_3-VALUE_04,COLUMN_4-VALUE_10,COLUMN_5-VALUE_03,COLUMN_6-VALUE_08,COLUMN_7-VALUE_02,COLUMN_8-VALUE_01
COLUMN_1-VALUE_07,COLUMN_2-VALUE_10,COLUMN_3-VALUE_10,COLUMN_4-VALUE_04,COLUMN_5-VALUE_10,COLUMN_6-VALUE_04,COLUMN_7-VALUE_10,COLUMN_8-VALUE_12
COLUMN_1-VALUE_09,COLUMN_2-VALUE_06,COLUMN_3-VALUE_02,COLUMN_4-VALUE_07,COLUMN_5-VALUE_06,COLUMN_6-VALUE_03,COLUMN_7-VALUE_06,COLUMN_8-VALUE_01
COLUMN_1-VALUE_06,COLUMN_2-VALUE_01,COLUMN_3-VALUE_07,COLUMN_4-VALUE_02,COLUMN_5-VALUE_05,COLUMN_6-VALUE_09,COLUMN_7-VALUE_10,COLUMN_8-VALUE_04
COLUMN_1-VALUE_06,COLUMN_2-VALUE_11,COLUMN_3-VALUE_01,COLUMN_4-VALUE_01,COLUMN_5-VALUE_05,COLUMN_6-VALUE_06,COLUMN_7-VALUE_03,COLUMN_8-VALUE_02
COLUMN_1-VALUE_05,COLUMN_2-VALUE_09,COLUMN_3-VALUE_06,COLUMN_4-VALUE_04,COLUMN_5-VALUE_09,COLUMN_6-VALUE_12,COLUMN_7-VALUE_03,COLUMN_8-VALUE_08
COLUMN_1-VALUE_04,COLUMN_2-VALUE_07,COLUMN_3-VALUE_06,COLUMN_4-VALUE_03,COLUMN_5-VALUE_02,COLUMN_6-VALUE_07,COLUMN_7-VALUE_03,COLUMN_8-VALUE_07
COLUMN_1-VALUE_08,COLUMN_2-VALUE_07,COLUMN_3-VALUE_09,COLUMN_4-VALUE_04,COLUMN_5-VALUE_01,COLUMN_6-VALUE_11,COLUMN_7-VALUE_02,COLUMN_8-VALUE_10
COLUMN_1-VALUE_11,COLUMN_2-VALUE_03,COLUMN_3-VALUE_12,COLUMN_4-VALUE_03,COLUMN_5-VALUE_12,COLUMN_6-VALUE_03,COLUMN_7-VALUE_04,COLUMN_8-VALUE_02
COLUMN_1-VALUE_08,COLUMN_2-VALUE_11,COLUMN_3-VALUE_01,COLUMN_4-VALUE_11,COLUMN_5-VALUE_12,COLUMN_6-VALUE_03,COLUMN_7-VALUE_03,COLUMN_8-VALUE_05
COLUMN_1-VALUE_03,COLUMN_2-VALUE_02,COLUMN_3-VALUE_05,COLUMN_4-VALUE_08,COLUMN_5-VALUE_03,COLUMN_6-VALUE_12,COLUMN_7-VALUE_02,COLUMN_8-VALUE_04
COLUMN_1-VALUE_04,COLUMN_2-VALUE_08,COLUMN_3-VALUE_04,COLUMN_4-VALUE_05,COLUMN_5-VALUE_06,COLUMN_6-VALUE_12,COLUMN_7-VALUE_11,COLUMN_8-VALUE_07
COLUMN_1-VALUE_02,COLUMN_2-VALUE_09,COLUMN_3-VALUE_12,COLUMN_4-VALUE_02,COLUMN_5-VALUE_02,COLUMN_6-VALUE_08,COLUMN_7-VALUE_08,COLUMN_8-VALUE_03
COLUMN_1-VALUE_04,COLUMN_2-VALUE_10,COLUMN_3-VALUE_10,COLUMN_4-VALUE_11,COLUMN_5-VALUE_11,COLUMN_6-VALUE_03,COLUMN_7-VALUE_09,COLUMN_8-VALUE_04
COLUMN_1-VALUE_02,COLUMN_2-VALUE_09,COLUMN_3-VALUE_04,COLUMN_4-VALUE_11,COLUMN_5-VALUE_10,COLUMN_6-VALUE_05,COLUMN_7-VALUE_11,COLUMN_8-VALUE_11
COLUMN_1-VALUE_04,COLUMN_2-VALUE_09,COLUMN_3-VALUE_11,COLUMN_4-VALUE_07,COLUMN_5-VALUE_05,COLUMN_6-VALUE_09,COLUMN_7-VALUE_11,COLUMN_8-VALUE_02
COLUMN_1-VALUE_10,COLUMN_2-VALUE_11,COLUMN_3-VALUE_01,COLUMN_4-VALUE_06,COLUMN_5-VALUE_05,COLUMN_6-VALUE_12,COLUMN_7-VALUE_04,COLUMN_8-VALUE_02
COLUMN_1-VALUE_07,COLUMN_2-VALUE_04,COLUMN_3-VALUE_09,COLUMN_4-VALUE_05,COLUMN_5-VALUE_11,COLUMN_6-VALUE_03,COLUMN_7-VALUE_11,COLUMN_8-VALUE_07
COLUMN_1-VALUE_05,COLUMN_2-VALUE_06,COLUMN_3-VALUE_12,COLUMN_4-VALUE_06,COLUMN_5-VALUE_08,COLUMN_6-VALUE_12,COLUMN_7-VALUE_06,COLUMN_8-VALUE_02
COLUMN_1-VALUE_03,COLUMN_2-VALUE_10,COLUMN_3-VALUE_04,COLUMN_4-VALUE_11,COLUMN_5-VALUE_11,COLUMN_6-VALUE_08,COLUMN_7-VALUE_10,COLUMN_8-VALUE_06
COLUMN_1-VALUE_07,COLUMN_2-VALUE_05,COLUMN_3-VALUE_07,COLUMN_4-VALUE_11,COLUMN_5-VALUE_06,COLUMN_6-VALUE_03,COLUMN_7-VALUE_06,COLUMN_8-VALUE_10
COLUMN_1-VALUE_07,COLUMN_2-VALUE_05,COLUMN_3-VALUE_06,COLUMN_4-VALUE_07,COLUMN_5-VALUE_12,COLUMN_6-VALUE_06,COLUMN_7-VALUE_01,COLUMN_8-VALUE_10
COLUMN_1-VALUE_06,COLUMN_2-VALUE_07,COLUMN_3-VALUE_02,COLUMN_4-VALUE_08,COLUMN_5-VALUE_09,COLUMN_6-VALUE_10,COLUMN_7-VALUE_05,COLUMN_8-VALUE_12
COLUMN_1-VALUE_11,COLUMN_2-VALUE_05,COLUMN_3-VALUE_01,COLUMN_4-VALUE_11,COLUMN_5-VALUE_02,COLUMN_6-VALUE_03,COLUMN_7-VALUE_04,COLUMN_8-VALUE_10
COLUMN_1-VALUE_02,COLUMN_2-VALUE_07,COLUMN_3-VALUE_06,COLUMN_4-VALUE_06,COLUMN_5-VALUE_05,COLUMN_6-VALUE_01,COLUMN_7-VALUE_07,COLUMN_8-VALUE_12
COLUMN_1-VALUE_02,COLUMN_2-VALUE_09,COLUMN_3-VALUE_08,COLUMN_4-VALUE_03,COLUMN_5-VALUE_02,COLUMN_6-VALUE_11,COLUMN_7-VALUE_03,COLUMN_8-VALUE_03
COLUMN_1-VALUE_02,COLUMN_2-VALUE_01,COLUMN_3-VALUE_10,COLUMN_4-VALUE_06,COLUMN_5-VALUE_07,COLUMN_6-VALUE_07,COLUMN_7-VALUE_04,COLUMN_8-VALUE_10
COLUMN_1-VALUE_11,COLUMN_2-VALUE_06,COLUMN_3-VALUE_07,COLUMN_4-VALUE_04,COLUMN_5-VALUE_03,COLUMN_6-VALUE_06,COLUMN_7-VALUE_01,COLUMN_8-VALUE_05
COLUMN_1-VALUE_09,COLUMN_2-VALUE_05,COLUMN_3-VALUE_12,COLUMN_4-VALUE_09,COLUMN_5-VALUE_10,COLUMN_6-VALUE_01,COLUMN_7-VALUE_01,COLUMN_8-VALUE_11
COLUMN_1-VALUE_11,COLUMN_2-VALUE_05,COLUMN_3-VALUE_04,COLUMN_4-VALUE_08,COLUMN_5-VALUE_05,COLUMN_6-VALUE_02,COLUMN_7-VALUE_11,COLUMN_8-VALUE_10
COLUMN_1-VALUE_08,COLUMN_2-VALUE_12,COLUMN_3-VALUE_11,COLUMN_4-VALUE_12,COLUMN_5-VALUE_12,COLUMN_6-VALUE_07,COLUMN_7-VALUE_08,COLUMN_8-VALUE_03
COLUMN_1-VALUE_08,COLUMN_2-VALUE_10,COLUMN_3-VALUE_07,COLUMN_4-VALUE_04,COLUMN_5-VALUE_03,COLUMN_6-VALUE_03,COLUMN_7-VALUE_05,COLUMN_8-VALUE_07
COLUMN_1-VALUE_10,COLUMN_2-VALUE_01,COLUMN_3-VALUE_03,COLUMN_4-VALUE_04,COLUMN_5-VALUE_06,COLUMN_6-VALUE_10,COLUMN_7-VALUE_04,COLUMN_8-VALUE_03
COLUMN_1-VALUE_12,COLUMN_2-VALUE_08,COLUMN_3-VALUE_10,COLUMN_4-VALUE_11,COLUMN_5-VALUE_03,COLUMN_6-VALUE_11,COLUMN_7-VALUE_06,COLUMN_8-VALUE_07
COLUMN_1-VALUE_02,COLUMN_2-VALUE_01,COLUMN_3-VALUE_09,COLUMN_4-VALUE_12,COLUMN_5-VALUE_08,COLUMN_6-VALUE_11,COLUMN_7-VALUE_07,COLUMN_8-VALUE_08
COLUMN_1-VALUE_08,COLUMN_2-VALUE_08,COLUMN_3-VALUE_09,COLUMN_4-VALUE_11,COLUMN_5-VALUE_01,COLUMN_6-VALUE_12,COLUMN_7-VALUE_01,COLUMN_8-VALUE_05
COLUMN_1-VALUE_11,COLUMN_2-VALUE_01,COLUMN_3-VALUE_12,COLUMN_4-VALUE_03,COLUMN_5-VALUE_04,COLUMN_6-VALUE_02,COLUMN_7-VALUE_06,COLUMN_8-VALUE_06
COLUMN_1-VALUE_12,COLUMN_2-VALUE_05,COLUMN_3-VALUE_10,COLUMN_4-VALUE_08,COLUMN_5-VALUE_10,COLUMN_6-VALUE_11,COLUMN_7-VALUE_06,COLUMN_8-VALUE_09
COLUMN_1-VALUE_04,COLUMN_2-VALUE_05,COLUMN_3-VALUE_01,COLUMN_4-VALUE_06,COLUMN_5-VALUE_01,COLUMN_6-VALUE_12,COLUMN_7-VALUE_01,COLUMN_8-VALUE_07
COLUMN_1-VALUE_02,COLUMN_2-VALUE_01,COLUMN_3-VALUE_01,COLUMN_4-VALUE_05,COLUMN_5-VALUE_10,COLUMN_6-VALUE_12,COLUMN_7-VALUE_07,COLUMN_8-VALUE_02
COLUMN_1-VALUE_05,COLUMN_2-VALUE_12,COLUMN_3-VALUE_11,COLUMN_4-VALUE_05,COLUMN_5-VALUE_10,COLUMN_6-VALUE_06,COLUMN_7-VALUE_05,COLUMN_8-VALUE_03
COLUMN_1-VALUE_03,COLUMN_2-VALUE_05,COLUMN_3-VALUE_12,COLUMN_4-VALUE_06,COLUMN_5-VALUE_05,COLUMN_6-VALUE_08,COLUMN_7-VALUE_02,COLUMN_8-VALUE_09
COLUMN_1-VALUE_08,COLUMN_2-VALUE_04,COLUMN_3-VALUE_05,COLUMN_4-VALUE_06,COLUMN_5-VALUE_02,COLUMN_6-VALUE_08,COLUMN_7-VALUE_04,COLUMN_8-VALUE_07
COLUMN_1-VALUE_05,COLUMN_2-VALUE_10,COLUMN_3-VALUE_11,COLUMN_4-VALUE_06,COLUMN_5-VALUE_11,COLUMN_6-VALUE_10,COLUMN_7-VALUE_12,COLUMN_8-VALUE_01
COLUMN_1-VALUE_11,COLUMN_2-VALUE_01,COLUMN_3-VALUE_02,COLUMN_4-VALUE_02,COLUMN_5-VALUE_02,COLUMN_6-VALUE_08,COLUMN_7-VALUE_03,COLUMN_8-VALUE_04
COLUMN_1-VALUE_03,COLUMN_2-VALUE_11,COLUMN_3-VALUE_06,COLUMN_4-VALUE_04,COLUMN_5-VALUE_10,COLUMN_6-VALUE_10,COLUMN_7-VALUE_04,COLUMN_8-VALUE_04
COLUMN_1-VALUE_12,COLUMN_2-VALUE_04,COLUMN_3-VALUE_04,COLUMN_4-VALUE_08,COLUMN_5-VALUE_01,COLUMN_6-VALUE_12,COLUMN_7-VALUE_09,COLUMN_8-VALUE_12
COLUMN_1-VALUE_11,COLUMN_2-VALUE_05,COLUMN_3-VALUE_12,COLUMN_4-VALUE_11,COLUMN_5-VALUE_02,COLUMN_6-VALUE_08,COLUMN_7-VALUE_12,COLUMN_8-VALUE_09
COLUMN_1-VALUE_11,COLUMN_2-VALUE_05,COLUMN_3-VALUE_11,COLUMN_4-VALUE_10,COLUMN_5-VALUE_03,COLUMN_6-VALUE_03,COLUMN_7-VALUE_12,COLUMN_8-VALUE_04
COLUMN_1-VALUE_01,COLUMN_2-VALUE_08,COLUMN_3-VALUE_01,COLUMN_4-VALUE_08,COLUMN_5-VALUE_08,COLUMN_6-VALUE_07,COLUMN_7-VALUE_09,COLUMN_8-VALUE_11
COLUMN_1-VALUE_12,COLUMN_2-VALUE_09,COLUMN_3-VALUE_08,COLUMN_4-VALUE_07,COLUMN_5-VALUE_10,COLUMN_6-VALUE_10,COLUMN_7-VALUE_01,COLUMN_8-VALUE_08
COLUMN_1-VALUE_05,COLUMN_2-VALUE_03,COLUMN_3-VALUE_05,COLUMN_4-VALUE_07,COLUMN_5-VALUE_12,COLUMN_6-VALUE_09,COLUMN_7-VALUE_11,COLUMN_8-VALUE_08
COLUMN_1-VALUE_04,COLUMN_2-VALUE_06,COLUMN_3-VALUE_08,COLUMN_4-VALUE_10,COLUMN_5-VALUE_04,COLUMN_6-VALUE_01,COLUMN_7-VALUE_03,COLUMN_8-VALUE_05
COLUMN_1-VALUE_03,COLUMN_2-VALUE_08,COLUMN_3-VALUE_07,COLUMN_4-VALUE_03,COLUMN_5-VALUE_10,COLUMN_6-VALUE_12,COLUMN_7-VALUE_01,COLUMN_8-VALUE_10
COLUMN_1-VALUE_06,COLUMN_2-VALUE_01,COLUMN_3-VALUE_12,COLUMN_4-VALUE_12,COLUMN_5-VALUE_12,COLUMN_6-VALUE_09,COLUMN_7-VALUE_10,COLUMN_8-VALUE_08
COLUMN_1-VALUE_06,COLUMN_2-VALUE_07,COLUMN_3-VALUE_02,COLUMN_4-VALUE_01,COLUMN_5-VALUE_02,COLUMN_6-VALUE_01,COLUMN_7-VALUE_01,COLUMN_8-VALUE_09
COLUMN_1-VALUE_11,COLUMN_2-VALUE_02,COLUMN_3-VALUE_08,COLUMN_4-VALUE_08,COLUMN_5-VALUE_05,COLUMN_6-VALUE_05,COLUMN_7-VALUE_03,COLUMN_8-VALUE_08
COLUMN_1-VALUE_05,COLUMN_2-VALUE_10,COLUMN_3-VALUE_03,COLUMN_4-VALUE_01,COLUMN_5-VALUE_06,COLUMN_6-VALUE_07,COLUMN_7-VALUE_08,COLUMN_8-VALUE_01
COLUMN_1-VALUE_01,COLUMN_2-VALUE_05,COLUMN_3-VALUE_05,COLUMN_4-VALUE_06,COLUMN_5-VALUE_01,COLUMN_6-VALUE_10,COLUMN_7-VALUE_12,COLUMN_8-VALUE_12
COLUMN_1-VALUE_05,COLUMN_2-VALUE_12,COLUMN_3-VALUE_06,COLUMN_4-VALUE_02,COLUMN_5-VALUE_05,COLUMN_6-VALUE_04,COLUMN_7-VALUE_11,COLUMN_8-VALUE_11
COLUMN_1-VALUE_12,COLUMN_2-VALUE_11,COLUMN_3-VALUE_11,COLUMN_4-VALUE_10,COLUMN_5-VALUE_01,COLUMN_6-VALUE_04,COLUMN_7-VALUE_07,COLUMN_8-VALUE_10
COLUMN_1-VALUE_12,COLUMN_2-VALUE_03,COLUMN_3-VALUE_04,COLUMN_4-VALUE_09,COLUMN_5-VALUE_01,COLUMN_6-VALUE_07,COLUMN_7-VALUE_12,COLUMN_8-VALUE_02
COLUMN_1-VALUE_12,COLUMN_2-VALUE_07,COLUMN_3-VALUE_07,COLUMN_4-VALUE_10,COLUMN_5-VALUE_11,COLUMN_6-VALUE_12,COLUMN_7-VALUE_10,COLUMN_8-VALUE_01
COLUMN_1-VALUE_07,COLUMN_2-VALUE_06,COLUMN_3-VALUE_10,COLUMN_4-VALUE_08,COLUMN_5-VALUE_10,COLUMN_6-VALUE_06,COLUMN_7-VALUE_12,COLUMN_8-VALUE_03
COLUMN_1-VALUE_04,COLUMN_2-VALUE_08,COLUMN_3-VALUE_11,COLUMN_4-VALUE_07,COLUMN_5-VALUE_05,COLUMN_6-VALUE_07,COLUMN_7-VALUE_10,COLUMN_8-VALUE_07
COLUMN_1-VALUE_08,COLUMN_2-VALUE_03,COLUMN_3-VALUE_07,COLUMN_4-VALUE_05,COLUMN_5-VALUE_02,COLUMN_6-VALUE_02,COLUMN_7-VALUE_12,COLUMN_8-VALUE_02
COLUMN_1-VALUE_05,COLUMN_2-VALUE_09,COLUMN_3-VALUE_04,COLUMN_4-VALUE_06,COLUMN_5-VALUE_01,COLUMN_6-VALUE_09,COLUMN_7-VALUE_09,COLUMN_8-VALUE_11
COLUMN_1-VALUE_05,COLUMN_2-VALUE_11,COLUMN_3-VALUE_06,COLUMN_4-VALUE_06,COLUMN_5-VALUE_06,COLUMN_6-VALUE_03,COLUMN_7-VALUE_02,COLUMN_8-VALUE_06
COLUMN_1-VALUE_09,COLUMN_2-VALUE_10,COLUMN_3-VALUE_06,COLUMN_4-VALUE_06,COLUMN_5-VALUE_12,COLUMN_6-VALUE_02,COLUMN_7-VALUE_12,COLUMN_8-VALUE_11
COLUMN_1-VALUE_07,COLUMN_2-VALUE_03,COLUMN_3-VALUE_10,COLUMN_4-VALUE_08,COLUMN_5-VALUE_01,COLUMN_6-VALUE_08,COLUMN_7-VALUE_05,COLUMN_8-VALUE_10
COLUMN_1-VALUE_07,COLUMN_2-VALUE_10,COLUMN_3-VALUE_04,COLUMN_4-VALUE_05,COLUMN_5-VALUE_10,COLUMN_6-VALUE_02,COLUMN_7-VALUE_02,COLUMN_8-VALUE_05
COLUMN_1-VALUE_07,COLUMN_2-VALUE_06,COLUMN_3-VALUE_10,COLUMN_4-VALUE_04,COLUMN_5-VALUE_10,COLUMN_6-VALUE_01,COLUMN_7-VALUE_04,COLUMN_8-VALUE_02
COLUMN_1-VALUE_09,COLUMN_2-VALUE_11,COLUMN_3-VALUE_10,COLUMN_4-VALUE_11,COLUMN_5-VALUE_11,COLUMN_6-VALUE_10,COLUMN_7-VALUE_01,COLUMN_8-VALUE_05
COLUMN_1-VALUE_10,COLUMN_2-VALUE_08,COLUMN_3-VALUE_06,COLUMN_4-VALUE_02,COLUMN_5-VALUE_11,COLUMN_6-VALUE_01,COLUMN_7-VALUE_10,COLUMN_8-VALUE_11
COLUMN_1-VALUE_07,COLUMN_2-VALUE_07,COLUMN_3-VALUE_11,COLUMN_4-VALUE_05,COLUMN_5-VALUE_02,COLUMN_6-VALUE_07,COLUMN_7-VALUE_08,COLUMN_8-VALUE_07
COLUMN_1-VALUE_09,COLUMN_2-VALUE_11,COLUMN_3-VALUE_09,COLUMN_4-VALUE_01,COLUMN_5-VALUE_11,COLUMN_6-VALUE_01,COLUMN_7-VALUE_11,COLUMN_8-VALUE_06
COLUMN_1-VALUE_03,COLUMN_2-VALUE_10,COLUMN_3-VALUE_11,COLUMN_4-VALUE_10,COLUMN_5-VALUE_11,COLUMN_6-VALUE_10,COLUMN_7-VALUE_05,COLUMN_8-VALUE_08
COLUMN_1-VALUE_07,COLUMN_2-VALUE_12,COLUMN_3-VALUE_06,COLUMN_4-VALUE_10,COLUMN_5-VALUE_09,COLUMN_6-VALUE_10,COLUMN_7-VALUE_04,COLUMN_8-VALUE_07
COLUMN_1-VALUE_07,COLUMN_2-VALUE_08,COLUMN_3-VALUE_08,COLUMN_4-VALUE_09,COLUMN_5-VALUE_11,COLUMN_6-VALUE_06,COLUMN_7-VALUE_03,COLUMN_8-VALUE_04
COLUMN_1-VALUE_03,COLUMN_2-VALUE_12,COLUMN_3-VALUE_02,COLUMN_4-VALUE_12,COLUMN_5-VALUE_03,COLUMN_6-VALUE_10,COLUMN_7-VALUE_02,COLUMN_8-VALUE_02
COLUMN_1-VALUE_06,COLUMN_2-VALUE_04,COLUMN_3-VALUE_12,COLUMN_4-VALUE_06,COLUMN_5-VALUE_09,COLUMN_6-VALUE_10,COLUMN_7-VALUE_08,COLUMN_8-VALUE_07
COLUMN_1-VALUE_09,COLUMN_2-VALUE_07,COLUMN_3-VALUE_06,COLUMN_4-VALUE_04,COLUMN_5-VALUE_06,COLUMN_6-VALUE_09,COLUMN_7-VALUE_05,COLUMN_8-VALUE_10
COLUMN_1-VALUE_05,COLUMN_2-VALUE_02,COLUMN_3-VALUE_07,COLUMN_4-VALUE_10,COLUMN_5-VALUE_04,COLUMN_6-VALUE_09,COLUMN_7-VALUE_10,COLUMN_8-VALUE_01
COLUMN_1-VALUE_07,COLUMN_2-VALUE_01,COLUMN_3-VALUE_04,COLUMN_4-VALUE_07,COLUMN_5-VALUE_01,COLUMN_6-VALUE_03,COLUMN_7-VALUE_03,COLUMN_8-VALUE_09
COLUMN_1-VALUE_04,COLUMN_2-VALUE_12,COLUMN_3-VALUE_02,COLUMN_4-VALUE_11,COLUMN_5-VALUE_08,COLUMN_6-VALUE_04,COLUMN_7-VALUE_06,COLUMN_8-VALUE_10
COLUMN_1-VALUE_04,COLUMN_2-VALUE_07,COLUMN_3-VALUE_04,COLUMN_4-VALUE_06,COLUMN_5-VALUE_10,COLUMN_6-VALUE_12,COLUMN_7-VALUE_03,COLUMN_8-VALUE_04
COLUMN_1-VALUE_02,COLUMN_2-VALUE_01,COLUMN_3-VALUE_06,COLUMN_4-VALUE_08,COLUMN_5-VALUE_05,COLUMN_6-VALUE_07,COLUMN_7-VALUE_07,COLUMN_8-VALUE_01
COLUMN_1-VALUE_09,COLUMN_2-VALUE_03,COLUMN_3-VALUE_11,COLUMN_4-VALUE_12,COLUMN_5-VALUE_04,COLUMN_6-VALUE_07,COLUMN_7-VALUE_03,COLUMN_8-VALUE_08
COLUMN_1-VALUE_12,COLUMN_2-VALUE_06,COLUMN_3-VALUE_11,COLUMN_4-VALUE_10,COLUMN_5-VALUE_01,COLUMN_6-VALUE_11,COLUMN_7-VALUE_03,COLUMN_8-VALUE_09
COLUMN_1-VALUE_04,COLUMN_2-VALUE_03,COLUMN_3-VALUE_07,COLUMN_4-VALUE_12,COLUMN_5-VALUE_08,COLUMN_6-VALUE_09,COLUMN_7-VALUE_03,COLUMN_8-VALUE_07
COLUMN_1-VALUE_10,COLUMN_2-VALUE_12,COLUMN_3-VALUE_03,COLUMN_4-VALUE_02,COLUMN_5-VALUE_10,COLUMN_6-VALUE_02,COLUMN_7-VALUE_07,COLUMN_8-VALUE_11
COLUMN_1-VALUE_01,COLUMN_2-VALUE_02,COLUMN_3-VALUE_08,COLUMN_4-VALUE_03,COLUMN_5-VALUE_03,COLUMN_6-VALUE_11,COLUMN_7-VALUE_07,COLUMN_8-VALUE_06
COLUMN_1-VALUE_10,COLUMN_2-VALUE_02,COLUMN_3-VALUE_02,COLUMN_4-VALUE_05,COLUMN_5-VALUE_04,COLUMN_6-VALUE_02,COLUMN_7-VALUE_12,COLUMN_8-VALUE_02
COLUMN_1-VALUE_02,COLUMN_2-VALUE_11,COLUMN_3-VALUE_05,COLUMN_4-VALUE_07,COLUMN_5-VALUE_06,COLUMN_6-VALUE_11,COLUMN_7-VALUE_04,COLUMN_8-VALUE_09
COLUMN_1-VALUE_03,COLUMN_2-VALUE_07,COLUMN_3-VALUE_01,COLUMN_4-VALUE_08,COLUMN_5-VALUE_06,COLUMN_6-VALUE_09,COLUMN_7-VALUE_01,COLUMN_8-VALUE_11
COLUMN_1-VALUE_08,COLUMN_2-VALUE_03,COLUMN_3-VALUE_09,COLUMN_4-VALUE_03,COLUMN_5-VALUE_04,COLUMN_6-VALUE_08,COLUMN_7-VALUE_10,COLUMN_8-VALUE_03
COLUMN_1-VALUE_12,COLUMN_2-VALUE_01,COLUMN_3-VALUE_08,COLUMN_4-VALUE_12,COLUMN_5-VALUE_03,COLUMN_6-VALUE_02,COLUMN_7-VALUE_03,COLUMN_8-VALUE_07
COLUMN_1-VALUE_03,COLUMN_2-VALUE_06,COLUMN_3-VALUE_02,COLUMN_4-VALUE_06,COLUMN_5-VALUE_12,COLUMN_6-VALUE_01,COLUMN_7-VALUE_07,COLUMN_8-VALUE_06
COLUMN_1-VALUE_06,COLUMN_2-VALUE_06,COLUMN_3-VALUE_03,COLUMN_4-VALUE_01,COLUMN_5-VALUE_05,COLUMN_6-VALUE_08,COLUMN_7-VALUE_08,COLUMN_8-VALUE_10
COLUMN_1-VALUE_12,COLUMN_2-VALUE_01,COLUMN_3-VALUE_08,COLUMN_4-VALUE_10,COLUMN_5-VALUE_11,COLUMN_6-VALUE_03,COLUMN_7-VALUE_06,COLUMN_8-VALUE_02
COLUMN_1-VALUE_06,COLUMN_2-VALUE_12,COLUMN_3-VALUE_04,COLUMN_4-VALUE_07,COLUMN_5-VALUE_08,COLUMN_6-VALUE_07,COLUMN_7-VALUE_04,COLUMN_8-VALUE_11
COLUMN_1-VALUE_12,COLUMN_2-VALUE_05,COLUMN_3-VALUE_04,COLUMN_4-VALUE_12,COLUMN_5-VALUE_08,COLUMN_6-VALUE_10,COLUMN_7-VALUE_07,COLUMN_8-VALUE_12
COLUMN_1-VALUE_10,COLUMN_2-VALUE_02,COLUMN_3-VALUE_11,COLUMN_4-VALUE_03,COLUMN_5-VALUE_07,COLUMN_6-VALUE_12,COLUMN_7-VALUE_11,COLUMN_8-VALUE_04
COLUMN_1-VALUE_10,COLUMN_2-VALUE_04,COLUMN_3-VALUE_02,COLUMN_4-VALUE_02,COLUMN_5-VALUE_07,COLUMN_6-VALUE_12,COLUMN_7-VALUE_03,COLUMN_8-VALUE_10
COLUMN_1-VALUE_01,COLUMN_2-VALUE_05,COLUMN_3-VALUE_03,COLUMN_4-VALUE_11,COLUMN_5-VALUE_05,COLUMN_6-VALUE_05,COLUMN_7-VALUE_09,COLUMN_8-VALUE_01
COLUMN_1-VALUE_07,COLUMN_2-VALUE_05,COLUMN_3-VALUE_04,COLUMN_4-VALUE_03,COLUMN_5-VALUE_12,COLUMN_6-VALUE_10,COLUMN_7-VALUE_02,COLUMN_8-VALUE_09
COLUMN_1-VALUE_01,COLUMN_2-VALUE_06,COLUMN_3-VALUE_03,COLUMN_4-VALUE_06,COLUMN_5-VALUE_04,COLUMN_6-VALUE_01,COLUMN_7-VALUE_02,COLUMN_8-VALUE_03
COLUMN_1-VALUE_05,COLUMN_2-VALUE_06,COLUMN_3-VALUE_08,COLUMN_4-VALUE_11,COLUMN_5-VALUE_01,COLUMN_6-VALUE_09,COLUMN_7-VALUE_02,COLUMN_8-VALUE_08
COLUMN_1-VALUE_12,COLUMN_2-VALUE_11,COLUMN_3-VALUE_06,COLUMN_4-VALUE_07,COLUMN_5-VALUE_07,COLUMN_6-VALUE_03,COLUMN_7-VALUE_04,COLUMN_8-VALUE_07
COLUMN_1-VALUE_05,COLUMN_2-VALUE_04,COLUMN_3-VALUE_03,COLUMN_4-VALUE_12,COLUMN_5-VALUE_09,COLUMN_6-VALUE_09,COLUMN_7-VALUE_10,COLUMN_8-VALUE_05
COLUMN_1-VALUE_04,COLUMN_2-VALUE_12,COLUMN_3-VALUE_12,COLUMN_4-VALUE_07,COLUMN_5-VALUE_02,COLUMN_6-VALUE_05,COLUMN_7-VALUE_11,COLUMN_8-VALUE_02
COLUMN_1-VALUE_11,COLUMN_2-VALUE_08,COLUMN_3-VALUE_09,COLUMN_4-VALUE_08,COLUMN_5-VALUE_02,COLUMN_6-VALUE_06,COLUMN_7-VALUE_02,COLUMN_8-VALUE_05
COLUMN_1-VALUE_03,COLUMN_2-VALUE_11,COLUMN_3-VALUE_10,COLUMN_4-VALUE_01,COLUMN_5-VALUE_02,COLUMN_6-VALUE_06,COLUMN_7-VALUE_03,COLUMN_8-VALUE_07
COLUMN_1-VALUE_04,COLUMN_2-VALUE_11,COLUMN_3-VALUE_10,COLUMN_4-VALUE_05,COLUMN_5-VALUE_06,COLUMN_6-VALUE_09,COLUMN_7-VALUE_12,COLUMN_8-VALUE_12
COLUMN_1-VALUE_07,COLUMN_2-VALUE_05,COLUMN_3-VALUE_10,COLUMN_4-VALUE_09,COLUMN_5-VALUE_12,COLUMN_6-VALUE_02,COLUMN_7-VALUE_05,COLUMN_8-VALUE_08
COLUMN_1-VALUE_07,COLUMN_2-VALUE_12,COLUMN_3-VALUE_05,COLUMN_4-VALUE_04,COLUMN_5-VALUE_12,COLUMN_6-VALUE_02,COLUMN_7-VALUE_01,COLUMN_8-VALUE_09
COLUMN_1-VALUE_09,COLUMN_2-VALUE_04,COLUMN_3-VALUE_03,COLUMN_4-VALUE_09,COLUMN_5-VALUE_08,COLUMN_6-VALUE_04,COLUMN_7-VALUE_01,COLUMN_8-VALUE_12
COLUMN_1-VALUE_08,COLUMN_2-VALUE_05,COLUMN_3-VALUE_11,COLUMN_4-VALUE_08,COLUMN_5-VALUE_11,COLUMN_6-VALUE_05,COLUMN_7-VALUE_08,COLUMN_8-VALUE_05
COLUMN_1-VALUE_01,COLUMN_2-VALUE_04,COLUMN_3-VALUE_05,COLUMN_4-VALUE_12,COLUMN_5-VALUE_01,COLUMN_6-VALUE_01,COLUMN_7-VALUE_04,COLUMN_8-VALUE_11
COLUMN_1-VALUE_12,COLUMN_2-VALUE_07,COLUMN_3-VALUE_07,COLUMN_4-VALUE_02,COLUMN_5-VALUE_09,COLUMN_6-VALUE_10,COLUMN_7-VALUE_05,COLUMN_8-VALUE_06
COLUMN_1-VALUE_01,COLUMN_2-VALUE_11,COLUMN_3-VALUE_10,COLUMN_4-VALUE_06,COLUMN_5-VALUE_10,COLUMN_6-VALUE_12,COLUMN_7-VALUE_03,COLUMN_8-VALUE_01
COLUMN_1-VALUE_11,COLUMN_2-VALUE_07,COLUMN_3-VALUE_02,COLUMN_4-VALUE_06,COLUMN_5-VALUE_04,COLUMN_6-VALUE_08,COLUMN_7-VALUE_02,COLUMN_8-VALUE_08
COLUMN_1-VALUE_10,COLUMN_2-VALUE_07,COLUMN_3-VALUE_05,COLUMN_4-VALUE_11,COLUMN_5-VALUE_03,COLUMN_6-VALUE_06,COLUMN_7-VALUE_06,COLUMN_8-VALUE_08
COLUMN_1-VALUE_04,COLUMN_2-VALUE_07,COLUMN_3-VALUE_09,COLUMN_4-VALUE_10,COLUMN_5-VALUE_03,COLUMN_6-VALUE_03,COLUMN_7-VALUE_02,COLUMN_8-VALUE_03
COLUMN_1-VALUE_10,COLUMN_2-VALUE_07,COLUMN_3-VALUE_10,COLUMN_4-VALUE_01,COLUMN_5-VALUE_11,COLUMN_6-VALUE_08,COLUMN_7-VALUE_09,COLUMN_8-VALUE_10
COLUMN_1-VALUE_01,COLUMN_2-VALUE_03,COLUMN_3-VALUE_08,COLUMN_4-VALUE_10,COLUMN_5-VALUE_05,COLUMN_6-VALUE_04,COLUMN_7-VALUE_11,COLUMN_8-VALUE_10
COLUMN_1-VALUE_07,COLUMN_2-VALUE_08,COLUMN_3-VALUE_05,COLUMN_4-VALUE_08,COLUMN_5-VALUE_05,COLUMN_6-VALUE_03,COLUMN_7-VALUE_11,COLUMN_8-VALUE_01
COLUMN_1-VALUE_10,COLUMN_2-VALUE_05,COLUMN_3-VALUE_04,COLUMN_4-VALUE_09,COLUMN_5-VALUE_03,COLUMN_6-VALUE_03,COLUMN_7-VALUE_03,COLUMN_8-VALUE_01
COLUMN_1-VALUE_08,COLUMN_2-VALUE_03,COLUMN_3-VALUE_05,COLUMN_4-VALUE_01,COLUMN_5-VALUE_06,COLUMN_6-VALUE_11,COLUMN_7-VALUE_07,COLUMN_8-VALUE_02
COLUMN_1-VALUE_10,COLUMN_2-VALUE_07,COLUMN_3-VALUE_05,COLUMN_4-VALUE_06,COLUMN_5-VALUE_06,COLUMN_6-VALUE_01,COLUMN_7-VALUE_07,COLUMN_8-VALUE_02
COLUMN_1-VALUE_08,COLUMN_2-VALUE_09,COLUMN_3-VALUE_11,COLUMN_4-VALUE_10,COLUMN_5-VALUE_11,COLUMN_6-VALUE_08,COLUMN_7-VALUE_07,COLUMN_8-VALUE_01
COLUMN_1-VALUE_08,COLUMN_2-VALUE_12,COLUMN_3-VALUE_08,COLUMN_4-VALUE_08,COLUMN_5-VALUE_09,COLUMN_6-VALUE_09,COLUMN_7-VALUE_11,COLUMN_8-VALUE_03
COLUMN_1-VALUE_10,COLUMN_2-VALUE_08,COLUMN_3-VALUE_10,COLUMN_4-VALUE_03,COLUMN_5-VALUE_12,COLUMN_6-VALUE_06,COLUMN_7-VALUE_11,COLUMN_8-VALUE_08
COLUMN_1-VALUE_03,COLUMN_2-VALUE_02,COLUMN_3-VALUE_10,COLUMN_4-VALUE_05,COLUMN_5-VALUE_11,COLUMN_6-VALUE_03,COLUMN_7-VALUE_12,COLUMN_8-VALUE_07
COLUMN_1-VALUE_01,COLUMN_2-VALUE_03,COLUMN_3-VALUE_04,COLUMN_4-VALUE_07,COLUMN_5-VALUE_11,COLUMN_6-VALUE_07,COLUMN_7-VALUE_02,COLUMN_8-VALUE_08
COLUMN_1-VALUE_07,COLUMN_2-VALUE_10,COLUMN_3-VALUE_09,COLUMN_4-VALUE_08,COLUMN_5-VALUE_09,COLUMN_6-VALUE_12,COLUMN_7-VALUE_10,COLUMN_8-VALUE_12
COLUMN_1-VALUE_09,COLUMN_2-VALUE_11,COLUMN_3-VALUE_10,COLUMN_4-VALUE_03,COLUMN_5-VALUE_06,COLUMN_6-VALUE_10,COLUMN_7-VALUE_09,COLUMN_8-VALUE_09
COLUMN_1-VALUE_03,COLUMN_2-VALUE_06,COLUMN_3-VALUE_11,COLUMN_4-VALUE_10,COLUMN_5-VALUE_07,COLUMN_6-VALUE_09,COLUMN_7-VALUE_07,COLUMN_8-VALUE_09
COLUMN_1-VALUE_06,COLUMN_2-VALUE_04,COLUMN_3-VALUE_10,COLUMN_4-VALUE_06,COLUMN_5-VALUE_05,COLUMN_6-VALUE_05,COLUMN_7-VALUE_04,COLUMN_8-VALUE_10
COLUMN_1-VALUE_09,COLUMN_2-VALUE_08,COLUMN_3-VALUE_12,COLUMN_4-VALUE_10,COLUMN_5-VALUE_11,COLUMN_6-VALUE_08,COLUMN_7-VALUE_03,COLUMN_8-VALUE_11
COLUMN_1-VALUE_11,COLUMN_2-VALUE_02,COLUMN_3-VALUE_08,COLUMN_4-VALUE_12,COLUMN_5-VALUE_11,COLUMN_6-VALUE_04,COLUMN_7-VALUE_01,COLUMN_8-VALUE_05
COLUMN_1-VALUE_09,COLUMN_2-VALUE_09,COLUMN_3-VALUE_06,COLUMN_4-VALUE_01,COLUMN_5-VALUE_05,COLUMN_6-VALUE_09,COLUMN_7-VALUE_06,COLUMN_8-VALUE_09
COLUMN_1-VALUE_02,COLUMN_2-VALUE_09,COLUMN_3-VALUE_05,COLUMN_4-VALUE_06,COLUMN_5-VALUE_01,COLUMN_6-VALUE_09,COLUMN_7-VALUE_01,COLUMN_8-VALUE_04
COLUMN_1-VALUE_03,COLUMN_2-VALUE_10,COLUMN_3-VALUE_03,COLUMN_4-VALUE_11,COLUMN_5-VALUE_11,COLUMN_6-VALUE_02,COLUMN_7-VALUE_02,COLUMN_8-VALUE_06
COLUMN_1-VALUE_06,COLUMN_2-VALUE_06,COLUMN_3-VALUE_07,COLUMN_4-VALUE_07,COLUMN_5-VALUE_08,COLUMN_6-VALUE_11,COLUMN_7-VALUE_01,COLUMN_8-VALUE_02
COLUMN_1-VALUE_06,COLUMN_2-VALUE_04,COLUMN_3-VALUE_11,COLUMN_4-VALUE_02,COLUMN_5-VALUE_12,COLUMN_6-VALUE_02,COLUMN_7-VALUE_12,COLUMN_8-VALUE_02
COLUMN_1-VALUE_03,COLUMN_2-VALUE_03,COLUMN_3-VALUE_05,COLUMN_4-VALUE_10,COLUMN_5-VALUE_05,COLUMN_6-VALUE_11,COLUMN_7-VALUE_12,COLUMN_8-VALUE_06
COLUMN_1-VALUE_10,COLUMN_2-VALUE_03,COLUMN_3-VALUE_03,COLUMN_4-VALUE_10,COLUMN_5-VALUE_01,COLUMN_6-VALUE_10,COLUMN_7-VALUE_01,COLUMN_8-VALUE_01
COLUMN_1-VALUE_09,COLUMN_2-VALUE_12,COLUMN_3-VALUE_03,COLUMN_4-VALUE_03,COLUMN_5-VALUE_07,COLUMN_6-VALUE_12,COLUMN_7-VALUE_07,COLUMN_8-VALUE_10
COLUMN_1-VALUE_07,COLUMN_2-VALUE_01,COLUMN_3-VALUE_06,COLUMN_4-VALUE_10,COLUMN_5-VALUE_10,COLUMN_6-VALUE_03,COLUMN_7-VALUE_10,COLUMN_8-VALUE_05
COLUMN_1-VALUE_11,COLUMN_2-VALUE_02,COLUMN_3-VALUE_12,COLUMN_4-VALUE_07,COLUMN_5-VALUE_05,COLUMN_6-VALUE_10,COLUMN_7-VALUE_05,COLUMN_8-VALUE_06
COLUMN_1-VALUE_11,COLUMN_2-VALUE_08,COLUMN_3-VALUE_02,COLUMN_4-VALUE_03,COLUMN_5-VALUE_08,COLUMN_6-VALUE_11,COLUMN_7-VALUE_05,COLUMN_8-VALUE_07
COLUMN_1-VALUE_09,COLUMN_2-VALUE_08,COLUMN_3-VALUE_03,COLUMN_4-VALUE_09,COLUMN_5-VALUE_01,COLUMN_6-VALUE_02,COLUMN_7-VALUE_10,COLUMN_8-VALUE_05
COLUMN_1-VALUE_10,COLUMN_2-VALUE_06,COLUMN_3-VALUE_07,COLUMN_4-VALUE_08,COLUMN_5-VALUE_07,COLUMN_6-VALUE_04,COLUMN_7-VALUE_02,COLUMN_8-VALUE_09
COLUMN_1-VALUE_10,COLUMN_2-VALUE_03,COLUMN_3-VALUE_10,COLUMN_4-VALUE_08,COLUMN_5-VALUE_07,COLUMN_6-VALUE_11,COLUMN_7-VALUE_07,COLUMN_8-VALUE_01
COLUMN_1-VALUE_07,COLUMN_2-VALUE_12,COLUMN_3-VALUE_02,COLUMN_4-VALUE_03,COLUMN_5-VALUE_07,COLUMN_6-VALUE_07,COLUMN_7-VALUE_03,COLUMN_8-VALUE_05
COLUMN_1-VALUE_09,COLUMN_2-VALUE_12,COLUMN_3-VALUE_01,COLUMN_4-VALUE_08,COLUMN_5-VALUE_08,COLUMN_6-VALUE_11,COLUMN_7-VALUE_07,COLUMN_8-VALUE_11
COLUMN_1-VALUE_01,COLUMN_2-VALUE_06,COLUMN_3-VALUE_11,COLUMN_4-VALUE_11,COLUMN_5-VALUE_11,COLUMN_6-VALUE_06,COLUMN_7-VALUE_08,COLUMN_8-VALUE_05
